[debug] [2026-01-17T21:23:47.257Z] ----------------------------------------------------------------------
[debug] [2026-01-17T21:23:47.263Z] Command:       /usr/local/bin/firebase /Users/iliya/.cache/firebase/tools/lib/node_modules/firebase-tools/lib/bin/firebase deploy --only functions
[debug] [2026-01-17T21:23:47.263Z] CLI Version:   14.26.0
[debug] [2026-01-17T21:23:47.263Z] Platform:      darwin
[debug] [2026-01-17T21:23:47.263Z] Node Version:  v20.18.2
[debug] [2026-01-17T21:23:47.264Z] Time:          Sat Jan 17 2026 16:23:47 GMT-0500 (Eastern Standard Time)
[debug] [2026-01-17T21:23:47.264Z] ----------------------------------------------------------------------
[debug] 
[debug] [2026-01-17T21:23:47.418Z] > command requires scopes: ["email","openid","https://www.googleapis.com/auth/cloudplatformprojects.readonly","https://www.googleapis.com/auth/firebase","https://www.googleapis.com/auth/cloud-platform"]
[debug] [2026-01-17T21:23:47.419Z] > authorizing via signed-in user (iliyamahdidoust@gmail.com)
[debug] [2026-01-17T21:23:47.420Z] [iam] checking project javid-cb995 for permissions ["cloudfunctions.functions.create","cloudfunctions.functions.delete","cloudfunctions.functions.get","cloudfunctions.functions.list","cloudfunctions.functions.update","cloudfunctions.operations.get","firebase.projects.get"]
[debug] [2026-01-17T21:23:47.422Z] Checked if tokens are valid: true, expires at: 1768686904345
[debug] [2026-01-17T21:23:47.422Z] Checked if tokens are valid: true, expires at: 1768686904345
[debug] [2026-01-17T21:23:47.425Z] >>> [apiv2][query] POST https://cloudresourcemanager.googleapis.com/v1/projects/javid-cb995:testIamPermissions [none]
[debug] [2026-01-17T21:23:47.425Z] >>> [apiv2][(partial)header] POST https://cloudresourcemanager.googleapis.com/v1/projects/javid-cb995:testIamPermissions x-goog-quota-user=projects/javid-cb995
[debug] [2026-01-17T21:23:47.425Z] >>> [apiv2][body] POST https://cloudresourcemanager.googleapis.com/v1/projects/javid-cb995:testIamPermissions {"permissions":["cloudfunctions.functions.create","cloudfunctions.functions.delete","cloudfunctions.functions.get","cloudfunctions.functions.list","cloudfunctions.functions.update","cloudfunctions.operations.get","firebase.projects.get"]}
[debug] [2026-01-17T21:23:47.688Z] <<< [apiv2][status] POST https://cloudresourcemanager.googleapis.com/v1/projects/javid-cb995:testIamPermissions 200
[debug] [2026-01-17T21:23:47.688Z] <<< [apiv2][body] POST https://cloudresourcemanager.googleapis.com/v1/projects/javid-cb995:testIamPermissions {"permissions":["cloudfunctions.functions.create","cloudfunctions.functions.delete","cloudfunctions.functions.get","cloudfunctions.functions.list","cloudfunctions.functions.update","cloudfunctions.operations.get","firebase.projects.get"]}
[debug] [2026-01-17T21:23:47.689Z] Checked if tokens are valid: true, expires at: 1768686904345
[debug] [2026-01-17T21:23:47.689Z] Checked if tokens are valid: true, expires at: 1768686904345
[debug] [2026-01-17T21:23:47.689Z] >>> [apiv2][query] POST https://iam.googleapis.com/v1/projects/javid-cb995/serviceAccounts/javid-cb995@appspot.gserviceaccount.com:testIamPermissions [none]
[debug] [2026-01-17T21:23:47.689Z] >>> [apiv2][body] POST https://iam.googleapis.com/v1/projects/javid-cb995/serviceAccounts/javid-cb995@appspot.gserviceaccount.com:testIamPermissions {"permissions":["iam.serviceAccounts.actAs"]}
[debug] [2026-01-17T21:23:47.995Z] <<< [apiv2][status] POST https://iam.googleapis.com/v1/projects/javid-cb995/serviceAccounts/javid-cb995@appspot.gserviceaccount.com:testIamPermissions 200
[debug] [2026-01-17T21:23:47.996Z] <<< [apiv2][body] POST https://iam.googleapis.com/v1/projects/javid-cb995/serviceAccounts/javid-cb995@appspot.gserviceaccount.com:testIamPermissions {"permissions":["iam.serviceAccounts.actAs"]}
[info] 
[info] === Deploying to 'javid-cb995'...
[info] 
[info] i  deploying functions 
[debug] [2026-01-17T21:23:48.003Z] Checked if tokens are valid: true, expires at: 1768686904345
[debug] [2026-01-17T21:23:48.003Z] Checked if tokens are valid: true, expires at: 1768686904345
[debug] [2026-01-17T21:23:48.003Z] >>> [apiv2][query] GET https://cloudresourcemanager.googleapis.com/v1/projects/javid-cb995 [none]
[debug] [2026-01-17T21:23:48.100Z] <<< [apiv2][status] GET https://cloudresourcemanager.googleapis.com/v1/projects/javid-cb995 200
[debug] [2026-01-17T21:23:48.101Z] <<< [apiv2][body] GET https://cloudresourcemanager.googleapis.com/v1/projects/javid-cb995 {"projectNumber":"545318849414","projectId":"javid-cb995","lifecycleState":"ACTIVE","name":"Javid","labels":{"firebase":"enabled","firebase-core":"disabled"},"createTime":"2026-01-10T22:05:21.253957Z"}
[info] i  functions: preparing codebase default for deployment 
[info] i  functions: ensuring required API cloudfunctions.googleapis.com is enabled... 
[info] i  functions: ensuring required API cloudbuild.googleapis.com is enabled... 
[info] i  artifactregistry: ensuring required API artifactregistry.googleapis.com is enabled... 
[debug] [2026-01-17T21:23:48.106Z] Checked if tokens are valid: true, expires at: 1768686904345
[debug] [2026-01-17T21:23:48.106Z] Checked if tokens are valid: true, expires at: 1768686904345
[debug] [2026-01-17T21:23:48.106Z] >>> [apiv2][query] GET https://firebase.googleapis.com/v1beta1/projects/javid-cb995/adminSdkConfig [none]
[debug] [2026-01-17T21:23:48.402Z] <<< [apiv2][status] GET https://firebase.googleapis.com/v1beta1/projects/javid-cb995/adminSdkConfig 200
[debug] [2026-01-17T21:23:48.403Z] <<< [apiv2][body] GET https://firebase.googleapis.com/v1beta1/projects/javid-cb995/adminSdkConfig {"projectId":"javid-cb995","storageBucket":"javid-cb995.firebasestorage.app"}
[debug] [2026-01-17T21:23:48.410Z] Validating nodejs source
[debug] [2026-01-17T21:23:48.425Z] checkFunctionsSDKVersion was unable to fetch information from NPM Error: spawnSync npm Unknown system error -8
    at Object.spawnSync (node:internal/child_process:1123:20)
    at Object.spawnSync (node:child_process:877:24)
    at Object.spawnSync (pkg/prelude/bootstrap.js:2092:31)
    at Function.spawnSync [as sync] (/Users/iliya/.cache/firebase/tools/lib/node_modules/cross-spawn/index.js:26:23)
    at Object.getLatestSDKVersion (/Users/iliya/.cache/firebase/tools/lib/node_modules/firebase-tools/lib/deploy/functions/runtimes/node/versioning.js:54:25)
    at Object.checkFunctionsSDKVersion (/Users/iliya/.cache/firebase/tools/lib/node_modules/firebase-tools/lib/deploy/functions/runtimes/node/versioning.js:74:32)
    at Delegate.validate (/Users/iliya/.cache/firebase/tools/lib/node_modules/firebase-tools/lib/deploy/functions/runtimes/node/index.js:89:20)
    at loadCodebases (/Users/iliya/.cache/firebase/tools/lib/node_modules/firebase-tools/lib/deploy/functions/prepare.js:312:31)
    at async prepare (/Users/iliya/.cache/firebase/tools/lib/node_modules/firebase-tools/lib/deploy/functions/prepare.js:62:24)
    at async chain (/Users/iliya/.cache/firebase/tools/lib/node_modules/firebase-tools/lib/deploy/index.js:43:9)
[debug] [2026-01-17T21:23:48.425Z] > [functions] package.json contents: {
  "name": "functions",
  "description": "Cloud Functions for Firebase",
  "scripts": {
    "serve": "firebase emulators:start --only functions",
    "shell": "firebase functions:shell",
    "start": "npm run shell",
    "deploy": "firebase deploy --only functions",
    "logs": "firebase functions:log"
  },
  "engines": {
    "node": "20"
  },
  "main": "index.js",
  "dependencies": {
    "firebase-admin": "^12.0.0",
    "firebase-functions": "^5.0.0"
  },
  "devDependencies": {
    "firebase-functions-test": "^3.1.0"
  },
  "private": true
}
[debug] [2026-01-17T21:23:48.426Z] Building nodejs source
[info] i  functions: Loading and analyzing source code for codebase default to determine what to deploy 
[debug] [2026-01-17T21:23:48.429Z] Could not find functions.yaml. Must use http discovery
[debug] [2026-01-17T21:23:48.444Z] Found firebase-functions binary at '/Users/iliya/Projects/Javid/functions/node_modules/.bin/firebase-functions'
[info] Serving at port 8678

[debug] [2026-01-17T21:23:49.266Z] Got response from /__/functions.yaml {"endpoints":{"generateCloudinarySignature":{"platform":"gcfv1","labels":{},"availableMemoryMb":null,"timeoutSeconds":null,"minInstances":null,"maxInstances":null,"ingressSettings":null,"serviceAccountEmail":null,"vpc":null,"callableTrigger":{},"entryPoint":"generateCloudinarySignature"},"generateCloudinaryDeleteSignature":{"platform":"gcfv1","labels":{},"availableMemoryMb":null,"timeoutSeconds":null,"minInstances":null,"maxInstances":null,"ingressSettings":null,"serviceAccountEmail":null,"vpc":null,"callableTrigger":{},"entryPoint":"generateCloudinaryDeleteSignature"},"sendMessageNotification":{"platform":"gcfv1","availableMemoryMb":null,"timeoutSeconds":null,"minInstances":null,"maxInstances":null,"ingressSettings":null,"serviceAccountEmail":null,"vpc":null,"eventTrigger":{"eventType":"providers/cloud.firestore/eventTypes/document.update","eventFilters":{"resource":"projects/javid-cb995/databases/(default)/documents/conversations/{conversationId}"},"retry":false},"labels":{},"entryPoint":"sendMessageNotification"}},"specVersion":"v1alpha1","requiredAPIs":[],"extensions":{}}
[info] i  extensions: ensuring required API firebaseextensions.googleapis.com is enabled... 
[debug] [2026-01-17T21:23:53.345Z] > command requires scopes: ["email","openid","https://www.googleapis.com/auth/cloudplatformprojects.readonly","https://www.googleapis.com/auth/firebase","https://www.googleapis.com/auth/cloud-platform"]
[debug] [2026-01-17T21:23:53.345Z] > authorizing via signed-in user (iliyamahdidoust@gmail.com)
[debug] [2026-01-17T21:23:53.345Z] [iam] checking project javid-cb995 for permissions ["firebase.projects.get","firebaseextensions.instances.list"]
[debug] [2026-01-17T21:23:53.345Z] Checked if tokens are valid: true, expires at: 1768686904345
[debug] [2026-01-17T21:23:53.345Z] Checked if tokens are valid: true, expires at: 1768686904345
[debug] [2026-01-17T21:23:53.346Z] >>> [apiv2][query] POST https://cloudresourcemanager.googleapis.com/v1/projects/javid-cb995:testIamPermissions [none]
[debug] [2026-01-17T21:23:53.346Z] >>> [apiv2][(partial)header] POST https://cloudresourcemanager.googleapis.com/v1/projects/javid-cb995:testIamPermissions x-goog-quota-user=projects/javid-cb995
[debug] [2026-01-17T21:23:53.346Z] >>> [apiv2][body] POST https://cloudresourcemanager.googleapis.com/v1/projects/javid-cb995:testIamPermissions {"permissions":["firebase.projects.get","firebaseextensions.instances.list"]}
[debug] [2026-01-17T21:23:53.625Z] <<< [apiv2][status] POST https://cloudresourcemanager.googleapis.com/v1/projects/javid-cb995:testIamPermissions 200
[debug] [2026-01-17T21:23:53.626Z] <<< [apiv2][body] POST https://cloudresourcemanager.googleapis.com/v1/projects/javid-cb995:testIamPermissions {"permissions":["firebase.projects.get","firebaseextensions.instances.list"]}
[debug] [2026-01-17T21:23:53.627Z] Checked if tokens are valid: true, expires at: 1768686904345
[debug] [2026-01-17T21:23:53.627Z] Checked if tokens are valid: true, expires at: 1768686904345
[debug] [2026-01-17T21:23:53.630Z] >>> [apiv2][query] GET https://firebaseextensions.googleapis.com/v1beta/projects/javid-cb995/instances pageSize=100&pageToken=
[debug] [2026-01-17T21:23:58.097Z] <<< [apiv2][status] GET https://firebaseextensions.googleapis.com/v1beta/projects/javid-cb995/instances 200
[debug] [2026-01-17T21:23:58.102Z] <<< [apiv2][body] GET https://firebaseextensions.googleapis.com/v1beta/projects/javid-cb995/instances {}
[info] i  functions: preparing functions directory for uploading... 
[info] i  functions: packaged /Users/iliya/Projects/Javid/functions (31.54 KB) for uploading 
[debug] [2026-01-17T21:23:58.165Z] Checked if tokens are valid: true, expires at: 1768686904345
[debug] [2026-01-17T21:23:58.165Z] Checked if tokens are valid: true, expires at: 1768686904345
[debug] [2026-01-17T21:23:58.165Z] >>> [apiv2][query] GET https://cloudfunctions.googleapis.com/v1/projects/javid-cb995/locations/-/functions [none]
[debug] [2026-01-17T21:23:58.766Z] <<< [apiv2][status] GET https://cloudfunctions.googleapis.com/v1/projects/javid-cb995/locations/-/functions 200
[debug] [2026-01-17T21:23:58.767Z] <<< [apiv2][body] GET https://cloudfunctions.googleapis.com/v1/projects/javid-cb995/locations/-/functions {}
[debug] [2026-01-17T21:23:58.769Z] Checked if tokens are valid: true, expires at: 1768686904345
[debug] [2026-01-17T21:23:58.769Z] Checked if tokens are valid: true, expires at: 1768686904345
[debug] [2026-01-17T21:23:58.771Z] >>> [apiv2][query] GET https://cloudfunctions.googleapis.com/v2/projects/javid-cb995/locations/-/functions filter=environment%3D%22GEN_2%22
[debug] [2026-01-17T21:23:59.277Z] <<< [apiv2][status] GET https://cloudfunctions.googleapis.com/v2/projects/javid-cb995/locations/-/functions 200
[debug] [2026-01-17T21:23:59.278Z] <<< [apiv2][body] GET https://cloudfunctions.googleapis.com/v2/projects/javid-cb995/locations/-/functions {}
[debug] [2026-01-17T21:23:59.288Z] Checked if tokens are valid: true, expires at: 1768686904345
[debug] [2026-01-17T21:23:59.289Z] Checked if tokens are valid: true, expires at: 1768686904345
[debug] [2026-01-17T21:23:59.289Z] >>> [apiv2][query] GET https://cloudresourcemanager.googleapis.com/v1/projects/javid-cb995 [none]
[debug] [2026-01-17T21:23:59.561Z] <<< [apiv2][status] GET https://cloudresourcemanager.googleapis.com/v1/projects/javid-cb995 200
[debug] [2026-01-17T21:23:59.561Z] <<< [apiv2][body] GET https://cloudresourcemanager.googleapis.com/v1/projects/javid-cb995 {"projectNumber":"545318849414","projectId":"javid-cb995","lifecycleState":"ACTIVE","name":"Javid","labels":{"firebase":"enabled","firebase-core":"disabled"},"createTime":"2026-01-10T22:05:21.253957Z"}
[debug] [2026-01-17T21:23:59.564Z] Checked if tokens are valid: true, expires at: 1768686904345
[debug] [2026-01-17T21:23:59.564Z] Checked if tokens are valid: true, expires at: 1768686904345
[debug] [2026-01-17T21:23:59.565Z] >>> [apiv2][query] GET https://cloudbilling.googleapis.com/v1/projects/javid-cb995/billingInfo [none]
[debug] [2026-01-17T21:23:59.813Z] <<< [apiv2][status] GET https://cloudbilling.googleapis.com/v1/projects/javid-cb995/billingInfo 200
[debug] [2026-01-17T21:23:59.814Z] <<< [apiv2][body] GET https://cloudbilling.googleapis.com/v1/projects/javid-cb995/billingInfo {"name":"projects/javid-cb995/billingInfo","projectId":"javid-cb995","billingAccountName":"billingAccounts/01309E-BB247D-9C6648","billingEnabled":true}
[debug] [2026-01-17T21:23:59.817Z] Checked if tokens are valid: true, expires at: 1768686904345
[debug] [2026-01-17T21:23:59.818Z] Checked if tokens are valid: true, expires at: 1768686904345
[debug] [2026-01-17T21:23:59.823Z] >>> [apiv2][query] POST https://cloudfunctions.googleapis.com/v1/projects/javid-cb995/locations/us-central1/functions:generateUploadUrl [none]
[debug] [2026-01-17T21:23:59.823Z] >>> [apiv2][body] POST https://cloudfunctions.googleapis.com/v1/projects/javid-cb995/locations/us-central1/functions:generateUploadUrl {}
[debug] [2026-01-17T21:24:08.888Z] <<< [apiv2][status] POST https://cloudfunctions.googleapis.com/v1/projects/javid-cb995/locations/us-central1/functions:generateUploadUrl 200
[debug] [2026-01-17T21:24:08.888Z] <<< [apiv2][body] POST https://cloudfunctions.googleapis.com/v1/projects/javid-cb995/locations/us-central1/functions:generateUploadUrl {"uploadUrl":"https://storage.googleapis.com/uploads-989081397812.us-central1.cloudfunctions.appspot.com/fc241be5-8c70-463a-9d07-c582ac5a1230.zip?GoogleAccessId=service-545318849414@gcf-admin-robot.iam.gserviceaccount.com&Expires=1768686848&Signature=tEozQjZByZ3RxsQ6ugfD2J9B%2F8cJxL4FnStD2XlSUQeGXEMfmoHuAbq2ynUnUvOk8pmU%2BBXiXQqRJP9bkrvrr3pJxe0VzweXdRXQFHPEzjvset1wK4e4dfFqtEEH5UOWquprvUjwz0sKaUvUygReNvsOmXe8QzaCpr7fwoUUZ8CZ1FfZVxsOYIV9EnYHKbSniXJqzcYrC%2BG7CdK6LcMB2W0l0y16qfDVQki5CIpnZPsCItWzcop%2FmUUXM3S8IFbvtzKHRywC4un%2ByQhglXBfIkwZv4Vz1xnANF27G6OC0bumgdFG7veo15aLWyXLeDmNBm%2Fy%2FDAb5ICszocG4i18SQ%3D%3D"}
[debug] [2026-01-17T21:24:08.895Z] >>> [apiv2][query] PUT https://storage.googleapis.com/uploads-989081397812.us-central1.cloudfunctions.appspot.com/fc241be5-8c70-463a-9d07-c582ac5a1230.zip GoogleAccessId=service-545318849414%40gcf-admin-robot.iam.gserviceaccount.com&Expires=1768686848&Signature=tEozQjZByZ3RxsQ6ugfD2J9B%2F8cJxL4FnStD2XlSUQeGXEMfmoHuAbq2ynUnUvOk8pmU%2BBXiXQqRJP9bkrvrr3pJxe0VzweXdRXQFHPEzjvset1wK4e4dfFqtEEH5UOWquprvUjwz0sKaUvUygReNvsOmXe8QzaCpr7fwoUUZ8CZ1FfZVxsOYIV9EnYHKbSniXJqzcYrC%2BG7CdK6LcMB2W0l0y16qfDVQki5CIpnZPsCItWzcop%2FmUUXM3S8IFbvtzKHRywC4un%2ByQhglXBfIkwZv4Vz1xnANF27G6OC0bumgdFG7veo15aLWyXLeDmNBm%2Fy%2FDAb5ICszocG4i18SQ%3D%3D
[debug] [2026-01-17T21:24:08.895Z] >>> [apiv2][body] PUT https://storage.googleapis.com/uploads-989081397812.us-central1.cloudfunctions.appspot.com/fc241be5-8c70-463a-9d07-c582ac5a1230.zip [stream]
[debug] [2026-01-17T21:24:09.323Z] <<< [apiv2][status] PUT https://storage.googleapis.com/uploads-989081397812.us-central1.cloudfunctions.appspot.com/fc241be5-8c70-463a-9d07-c582ac5a1230.zip 200
[debug] [2026-01-17T21:24:09.324Z] <<< [apiv2][body] PUT https://storage.googleapis.com/uploads-989081397812.us-central1.cloudfunctions.appspot.com/fc241be5-8c70-463a-9d07-c582ac5a1230.zip [omitted]
[info] ✔  functions: functions source uploaded successfully 
[info] i  functions: creating Node.js 20 (1st Gen) function generateCloudinarySignature(us-central1)... 
[info] i  functions: creating Node.js 20 (1st Gen) function generateCloudinaryDeleteSignature(us-central1)... 
[info] i  functions: creating Node.js 20 (1st Gen) function sendMessageNotification(us-central1)... 
[debug] [2026-01-17T21:24:09.334Z] Checked if tokens are valid: true, expires at: 1768686904345
[debug] [2026-01-17T21:24:09.334Z] Checked if tokens are valid: true, expires at: 1768686904345
[debug] [2026-01-17T21:24:09.335Z] >>> [apiv2][query] POST https://cloudfunctions.googleapis.com/v1/projects/javid-cb995/locations/us-central1/functions [none]
[debug] [2026-01-17T21:24:09.335Z] >>> [apiv2][body] POST https://cloudfunctions.googleapis.com/v1/projects/javid-cb995/locations/us-central1/functions {"name":"projects/javid-cb995/locations/us-central1/functions/generateCloudinarySignature","sourceUploadUrl":"https://storage.googleapis.com/uploads-989081397812.us-central1.cloudfunctions.appspot.com/fc241be5-8c70-463a-9d07-c582ac5a1230.zip?GoogleAccessId=service-545318849414@gcf-admin-robot.iam.gserviceaccount.com&Expires=1768686848&Signature=tEozQjZByZ3RxsQ6ugfD2J9B%2F8cJxL4FnStD2XlSUQeGXEMfmoHuAbq2ynUnUvOk8pmU%2BBXiXQqRJP9bkrvrr3pJxe0VzweXdRXQFHPEzjvset1wK4e4dfFqtEEH5UOWquprvUjwz0sKaUvUygReNvsOmXe8QzaCpr7fwoUUZ8CZ1FfZVxsOYIV9EnYHKbSniXJqzcYrC%2BG7CdK6LcMB2W0l0y16qfDVQki5CIpnZPsCItWzcop%2FmUUXM3S8IFbvtzKHRywC4un%2ByQhglXBfIkwZv4Vz1xnANF27G6OC0bumgdFG7veo15aLWyXLeDmNBm%2Fy%2FDAb5ICszocG4i18SQ%3D%3D","entryPoint":"generateCloudinarySignature","runtime":"nodejs20","dockerRegistry":"ARTIFACT_REGISTRY","labels":{"deployment-tool":"cli-firebase","deployment-callable":"true","firebase-functions-hash":"623cdfe8af3df3dee68b255c04b6ba19cb854d39"},"httpsTrigger":{"securityLevel":"SECURE_ALWAYS"},"minInstances":null,"maxInstances":null,"ingressSettings":null,"environmentVariables":{"FIREBASE_CONFIG":"{\"projectId\":\"javid-cb995\",\"storageBucket\":\"javid-cb995.firebasestorage.app\"}","GCLOUD_PROJECT":"javid-cb995","EVENTARC_CLOUD_EVENT_SOURCE":"projects/javid-cb995/locations/us-central1/functions/generateCloudinarySignature"},"serviceAccountEmail":null,"availableMemoryMb":null,"timeout":null,"vpcConnector":null,"vpcConnectorEgressSettings":null,"buildEnvironmentVariables":{"GOOGLE_NODE_RUN_SCRIPTS":""}}
[debug] [2026-01-17T21:24:10.899Z] <<< [apiv2][status] POST https://cloudfunctions.googleapis.com/v1/projects/javid-cb995/locations/us-central1/functions 200
[debug] [2026-01-17T21:24:10.900Z] <<< [apiv2][body] POST https://cloudfunctions.googleapis.com/v1/projects/javid-cb995/locations/us-central1/functions {"name":"operations/cHJvamVjdHMvamF2aWQtY2I5OTUvbG9jYXRpb25zL3VzLWNlbnRyYWwxL29wZXJhdGlvbnMvb3BlcmF0aW9uLTE3Njg2ODUwNDk1MDAtNjQ4OWMxNDE4NTUwNS1iMzJhMTFmMi04ZDlkZjAzMg","metadata":{"@type":"type.googleapis.com/google.cloud.functions.v1.OperationMetadataV1","target":"projects/javid-cb995/locations/us-central1/functions/generateCloudinarySignature","updateTime":"2026-01-17T21:24:10.857479550Z"}}
[debug] [2026-01-17T21:24:10.901Z] Checked if tokens are valid: true, expires at: 1768686904345
[debug] [2026-01-17T21:24:10.902Z] Checked if tokens are valid: true, expires at: 1768686904345
[debug] [2026-01-17T21:24:10.903Z] >>> [apiv2][query] GET https://cloudfunctions.googleapis.com/v1/operations/cHJvamVjdHMvamF2aWQtY2I5OTUvbG9jYXRpb25zL3VzLWNlbnRyYWwxL29wZXJhdGlvbnMvb3BlcmF0aW9uLTE3Njg2ODUwNDk1MDAtNjQ4OWMxNDE4NTUwNS1iMzJhMTFmMi04ZDlkZjAzMg [none]
[debug] [2026-01-17T21:24:11.178Z] <<< [apiv2][status] GET https://cloudfunctions.googleapis.com/v1/operations/cHJvamVjdHMvamF2aWQtY2I5OTUvbG9jYXRpb25zL3VzLWNlbnRyYWwxL29wZXJhdGlvbnMvb3BlcmF0aW9uLTE3Njg2ODUwNDk1MDAtNjQ4OWMxNDE4NTUwNS1iMzJhMTFmMi04ZDlkZjAzMg 200
[debug] [2026-01-17T21:24:11.178Z] <<< [apiv2][body] GET https://cloudfunctions.googleapis.com/v1/operations/cHJvamVjdHMvamF2aWQtY2I5OTUvbG9jYXRpb25zL3VzLWNlbnRyYWwxL29wZXJhdGlvbnMvb3BlcmF0aW9uLTE3Njg2ODUwNDk1MDAtNjQ4OWMxNDE4NTUwNS1iMzJhMTFmMi04ZDlkZjAzMg {"name":"operations/cHJvamVjdHMvamF2aWQtY2I5OTUvbG9jYXRpb25zL3VzLWNlbnRyYWwxL29wZXJhdGlvbnMvb3BlcmF0aW9uLTE3Njg2ODUwNDk1MDAtNjQ4OWMxNDE4NTUwNS1iMzJhMTFmMi04ZDlkZjAzMg","metadata":{"@type":"type.googleapis.com/google.cloud.functions.v1.OperationMetadataV1","target":"projects/javid-cb995/locations/us-central1/functions/generateCloudinarySignature","updateTime":"2026-01-17T21:24:10.857479550Z"}}
[debug] [2026-01-17T21:24:11.681Z] [create-default-us-central1-generateCloudinarySignature] Retrying task index 0
[debug] [2026-01-17T21:24:11.682Z] Checked if tokens are valid: true, expires at: 1768686904345
[debug] [2026-01-17T21:24:11.682Z] Checked if tokens are valid: true, expires at: 1768686904345
[debug] [2026-01-17T21:24:11.684Z] >>> [apiv2][query] GET https://cloudfunctions.googleapis.com/v1/operations/cHJvamVjdHMvamF2aWQtY2I5OTUvbG9jYXRpb25zL3VzLWNlbnRyYWwxL29wZXJhdGlvbnMvb3BlcmF0aW9uLTE3Njg2ODUwNDk1MDAtNjQ4OWMxNDE4NTUwNS1iMzJhMTFmMi04ZDlkZjAzMg [none]
[debug] [2026-01-17T21:24:11.928Z] <<< [apiv2][status] GET https://cloudfunctions.googleapis.com/v1/operations/cHJvamVjdHMvamF2aWQtY2I5OTUvbG9jYXRpb25zL3VzLWNlbnRyYWwxL29wZXJhdGlvbnMvb3BlcmF0aW9uLTE3Njg2ODUwNDk1MDAtNjQ4OWMxNDE4NTUwNS1iMzJhMTFmMi04ZDlkZjAzMg 200
[debug] [2026-01-17T21:24:11.929Z] <<< [apiv2][body] GET https://cloudfunctions.googleapis.com/v1/operations/cHJvamVjdHMvamF2aWQtY2I5OTUvbG9jYXRpb25zL3VzLWNlbnRyYWwxL29wZXJhdGlvbnMvb3BlcmF0aW9uLTE3Njg2ODUwNDk1MDAtNjQ4OWMxNDE4NTUwNS1iMzJhMTFmMi04ZDlkZjAzMg {"name":"operations/cHJvamVjdHMvamF2aWQtY2I5OTUvbG9jYXRpb25zL3VzLWNlbnRyYWwxL29wZXJhdGlvbnMvb3BlcmF0aW9uLTE3Njg2ODUwNDk1MDAtNjQ4OWMxNDE4NTUwNS1iMzJhMTFmMi04ZDlkZjAzMg","metadata":{"@type":"type.googleapis.com/google.cloud.functions.v1.OperationMetadataV1","target":"projects/javid-cb995/locations/us-central1/functions/generateCloudinarySignature","type":"CREATE_FUNCTION","request":{"@type":"type.googleapis.com/google.cloud.functions.v1.CloudFunction","name":"projects/javid-cb995/locations/us-central1/functions/generateCloudinarySignature","httpsTrigger":{"securityLevel":"SECURE_ALWAYS"},"entryPoint":"generateCloudinarySignature","updateTime":"1970-01-01T00:00:00Z","labels":{"deployment-tool":"cli-firebase","deployment-callable":"true","firebase-functions-hash":"623cdfe8af3df3dee68b255c04b6ba19cb854d39"},"sourceUploadUrl":"https://storage.googleapis.com/uploads-989081397812.us-central1.cloudfunctions.appspot.com/fc241be5-8c70-463a-9d07-c582ac5a1230.zip?GoogleAccessId=service-545318849414@gcf-admin-robot.iam.gserviceaccount.com&Expires=1768686848&Signature=tEozQjZByZ3RxsQ6ugfD2J9B%2F8cJxL4FnStD2XlSUQeGXEMfmoHuAbq2ynUnUvOk8pmU%2BBXiXQqRJP9bkrvrr3pJxe0VzweXdRXQFHPEzjvset1wK4e4dfFqtEEH5UOWquprvUjwz0sKaUvUygReNvsOmXe8QzaCpr7fwoUUZ8CZ1FfZVxsOYIV9EnYHKbSniXJqzcYrC%2BG7CdK6LcMB2W0l0y16qfDVQki5CIpnZPsCItWzcop%2FmUUXM3S8IFbvtzKHRywC4un%2ByQhglXBfIkwZv4Vz1xnANF27G6OC0bumgdFG7veo15aLWyXLeDmNBm%2Fy%2FDAb5ICszocG4i18SQ%3D%3D","environmentVariables":{"FIREBASE_CONFIG":"{\"projectId\":\"javid-cb995\",\"storageBucket\":\"javid-cb995.firebasestorage.app\"}","GCLOUD_PROJECT":"javid-cb995","EVENTARC_CLOUD_EVENT_SOURCE":"projects/javid-cb995/locations/us-central1/functions/generateCloudinarySignature"},"runtime":"nodejs20","buildEnvironmentVariables":{"GOOGLE_NODE_RUN_SCRIPTS":""},"dockerRegistry":"ARTIFACT_REGISTRY"},"versionId":"1","updateTime":"2026-01-17T21:24:10.857479550Z"}}
[debug] [2026-01-17T21:24:12.931Z] [create-default-us-central1-generateCloudinarySignature] Retrying task index 0
[debug] [2026-01-17T21:24:12.932Z] Checked if tokens are valid: true, expires at: 1768686904345
[debug] [2026-01-17T21:24:12.933Z] Checked if tokens are valid: true, expires at: 1768686904345
[debug] [2026-01-17T21:24:12.933Z] >>> [apiv2][query] GET https://cloudfunctions.googleapis.com/v1/operations/cHJvamVjdHMvamF2aWQtY2I5OTUvbG9jYXRpb25zL3VzLWNlbnRyYWwxL29wZXJhdGlvbnMvb3BlcmF0aW9uLTE3Njg2ODUwNDk1MDAtNjQ4OWMxNDE4NTUwNS1iMzJhMTFmMi04ZDlkZjAzMg [none]
[debug] [2026-01-17T21:24:13.225Z] <<< [apiv2][status] GET https://cloudfunctions.googleapis.com/v1/operations/cHJvamVjdHMvamF2aWQtY2I5OTUvbG9jYXRpb25zL3VzLWNlbnRyYWwxL29wZXJhdGlvbnMvb3BlcmF0aW9uLTE3Njg2ODUwNDk1MDAtNjQ4OWMxNDE4NTUwNS1iMzJhMTFmMi04ZDlkZjAzMg 200
[debug] [2026-01-17T21:24:13.225Z] <<< [apiv2][body] GET https://cloudfunctions.googleapis.com/v1/operations/cHJvamVjdHMvamF2aWQtY2I5OTUvbG9jYXRpb25zL3VzLWNlbnRyYWwxL29wZXJhdGlvbnMvb3BlcmF0aW9uLTE3Njg2ODUwNDk1MDAtNjQ4OWMxNDE4NTUwNS1iMzJhMTFmMi04ZDlkZjAzMg {"name":"operations/cHJvamVjdHMvamF2aWQtY2I5OTUvbG9jYXRpb25zL3VzLWNlbnRyYWwxL29wZXJhdGlvbnMvb3BlcmF0aW9uLTE3Njg2ODUwNDk1MDAtNjQ4OWMxNDE4NTUwNS1iMzJhMTFmMi04ZDlkZjAzMg","metadata":{"@type":"type.googleapis.com/google.cloud.functions.v1.OperationMetadataV1","target":"projects/javid-cb995/locations/us-central1/functions/generateCloudinarySignature","type":"CREATE_FUNCTION","request":{"@type":"type.googleapis.com/google.cloud.functions.v1.CloudFunction","name":"projects/javid-cb995/locations/us-central1/functions/generateCloudinarySignature","httpsTrigger":{"securityLevel":"SECURE_ALWAYS"},"entryPoint":"generateCloudinarySignature","updateTime":"1970-01-01T00:00:00Z","labels":{"deployment-tool":"cli-firebase","deployment-callable":"true","firebase-functions-hash":"623cdfe8af3df3dee68b255c04b6ba19cb854d39"},"sourceUploadUrl":"https://storage.googleapis.com/uploads-989081397812.us-central1.cloudfunctions.appspot.com/fc241be5-8c70-463a-9d07-c582ac5a1230.zip?GoogleAccessId=service-545318849414@gcf-admin-robot.iam.gserviceaccount.com&Expires=1768686848&Signature=tEozQjZByZ3RxsQ6ugfD2J9B%2F8cJxL4FnStD2XlSUQeGXEMfmoHuAbq2ynUnUvOk8pmU%2BBXiXQqRJP9bkrvrr3pJxe0VzweXdRXQFHPEzjvset1wK4e4dfFqtEEH5UOWquprvUjwz0sKaUvUygReNvsOmXe8QzaCpr7fwoUUZ8CZ1FfZVxsOYIV9EnYHKbSniXJqzcYrC%2BG7CdK6LcMB2W0l0y16qfDVQki5CIpnZPsCItWzcop%2FmUUXM3S8IFbvtzKHRywC4un%2ByQhglXBfIkwZv4Vz1xnANF27G6OC0bumgdFG7veo15aLWyXLeDmNBm%2Fy%2FDAb5ICszocG4i18SQ%3D%3D","environmentVariables":{"FIREBASE_CONFIG":"{\"projectId\":\"javid-cb995\",\"storageBucket\":\"javid-cb995.firebasestorage.app\"}","GCLOUD_PROJECT":"javid-cb995","EVENTARC_CLOUD_EVENT_SOURCE":"projects/javid-cb995/locations/us-central1/functions/generateCloudinarySignature"},"runtime":"nodejs20","buildEnvironmentVariables":{"GOOGLE_NODE_RUN_SCRIPTS":""},"dockerRegistry":"ARTIFACT_REGISTRY"},"versionId":"1","updateTime":"2026-01-17T21:24:10.857479550Z"}}
[debug] [2026-01-17T21:24:15.228Z] [create-default-us-central1-generateCloudinarySignature] Retrying task index 0
[debug] [2026-01-17T21:24:15.229Z] Checked if tokens are valid: true, expires at: 1768686904345
[debug] [2026-01-17T21:24:15.229Z] Checked if tokens are valid: true, expires at: 1768686904345
[debug] [2026-01-17T21:24:15.230Z] >>> [apiv2][query] GET https://cloudfunctions.googleapis.com/v1/operations/cHJvamVjdHMvamF2aWQtY2I5OTUvbG9jYXRpb25zL3VzLWNlbnRyYWwxL29wZXJhdGlvbnMvb3BlcmF0aW9uLTE3Njg2ODUwNDk1MDAtNjQ4OWMxNDE4NTUwNS1iMzJhMTFmMi04ZDlkZjAzMg [none]
[debug] [2026-01-17T21:24:15.346Z] <<< [apiv2][status] GET https://cloudfunctions.googleapis.com/v1/operations/cHJvamVjdHMvamF2aWQtY2I5OTUvbG9jYXRpb25zL3VzLWNlbnRyYWwxL29wZXJhdGlvbnMvb3BlcmF0aW9uLTE3Njg2ODUwNDk1MDAtNjQ4OWMxNDE4NTUwNS1iMzJhMTFmMi04ZDlkZjAzMg 200
[debug] [2026-01-17T21:24:15.347Z] <<< [apiv2][body] GET https://cloudfunctions.googleapis.com/v1/operations/cHJvamVjdHMvamF2aWQtY2I5OTUvbG9jYXRpb25zL3VzLWNlbnRyYWwxL29wZXJhdGlvbnMvb3BlcmF0aW9uLTE3Njg2ODUwNDk1MDAtNjQ4OWMxNDE4NTUwNS1iMzJhMTFmMi04ZDlkZjAzMg {"name":"operations/cHJvamVjdHMvamF2aWQtY2I5OTUvbG9jYXRpb25zL3VzLWNlbnRyYWwxL29wZXJhdGlvbnMvb3BlcmF0aW9uLTE3Njg2ODUwNDk1MDAtNjQ4OWMxNDE4NTUwNS1iMzJhMTFmMi04ZDlkZjAzMg","metadata":{"@type":"type.googleapis.com/google.cloud.functions.v1.OperationMetadataV1","target":"projects/javid-cb995/locations/us-central1/functions/generateCloudinarySignature","type":"CREATE_FUNCTION","request":{"@type":"type.googleapis.com/google.cloud.functions.v1.CloudFunction","name":"projects/javid-cb995/locations/us-central1/functions/generateCloudinarySignature","httpsTrigger":{"securityLevel":"SECURE_ALWAYS"},"entryPoint":"generateCloudinarySignature","updateTime":"1970-01-01T00:00:00Z","labels":{"deployment-tool":"cli-firebase","deployment-callable":"true","firebase-functions-hash":"623cdfe8af3df3dee68b255c04b6ba19cb854d39"},"sourceUploadUrl":"https://storage.googleapis.com/uploads-989081397812.us-central1.cloudfunctions.appspot.com/fc241be5-8c70-463a-9d07-c582ac5a1230.zip?GoogleAccessId=service-545318849414@gcf-admin-robot.iam.gserviceaccount.com&Expires=1768686848&Signature=tEozQjZByZ3RxsQ6ugfD2J9B%2F8cJxL4FnStD2XlSUQeGXEMfmoHuAbq2ynUnUvOk8pmU%2BBXiXQqRJP9bkrvrr3pJxe0VzweXdRXQFHPEzjvset1wK4e4dfFqtEEH5UOWquprvUjwz0sKaUvUygReNvsOmXe8QzaCpr7fwoUUZ8CZ1FfZVxsOYIV9EnYHKbSniXJqzcYrC%2BG7CdK6LcMB2W0l0y16qfDVQki5CIpnZPsCItWzcop%2FmUUXM3S8IFbvtzKHRywC4un%2ByQhglXBfIkwZv4Vz1xnANF27G6OC0bumgdFG7veo15aLWyXLeDmNBm%2Fy%2FDAb5ICszocG4i18SQ%3D%3D","environmentVariables":{"FIREBASE_CONFIG":"{\"projectId\":\"javid-cb995\",\"storageBucket\":\"javid-cb995.firebasestorage.app\"}","GCLOUD_PROJECT":"javid-cb995","EVENTARC_CLOUD_EVENT_SOURCE":"projects/javid-cb995/locations/us-central1/functions/generateCloudinarySignature"},"runtime":"nodejs20","buildEnvironmentVariables":{"GOOGLE_NODE_RUN_SCRIPTS":""},"dockerRegistry":"ARTIFACT_REGISTRY"},"versionId":"1","updateTime":"2026-01-17T21:24:10.857479550Z"}}
[debug] [2026-01-17T21:24:19.348Z] [create-default-us-central1-generateCloudinarySignature] Retrying task index 0
[debug] [2026-01-17T21:24:19.349Z] Checked if tokens are valid: true, expires at: 1768686904345
[debug] [2026-01-17T21:24:19.349Z] Checked if tokens are valid: true, expires at: 1768686904345
[debug] [2026-01-17T21:24:19.349Z] >>> [apiv2][query] GET https://cloudfunctions.googleapis.com/v1/operations/cHJvamVjdHMvamF2aWQtY2I5OTUvbG9jYXRpb25zL3VzLWNlbnRyYWwxL29wZXJhdGlvbnMvb3BlcmF0aW9uLTE3Njg2ODUwNDk1MDAtNjQ4OWMxNDE4NTUwNS1iMzJhMTFmMi04ZDlkZjAzMg [none]
[debug] [2026-01-17T21:24:19.479Z] <<< [apiv2][status] GET https://cloudfunctions.googleapis.com/v1/operations/cHJvamVjdHMvamF2aWQtY2I5OTUvbG9jYXRpb25zL3VzLWNlbnRyYWwxL29wZXJhdGlvbnMvb3BlcmF0aW9uLTE3Njg2ODUwNDk1MDAtNjQ4OWMxNDE4NTUwNS1iMzJhMTFmMi04ZDlkZjAzMg 200
[debug] [2026-01-17T21:24:19.479Z] <<< [apiv2][body] GET https://cloudfunctions.googleapis.com/v1/operations/cHJvamVjdHMvamF2aWQtY2I5OTUvbG9jYXRpb25zL3VzLWNlbnRyYWwxL29wZXJhdGlvbnMvb3BlcmF0aW9uLTE3Njg2ODUwNDk1MDAtNjQ4OWMxNDE4NTUwNS1iMzJhMTFmMi04ZDlkZjAzMg {"name":"operations/cHJvamVjdHMvamF2aWQtY2I5OTUvbG9jYXRpb25zL3VzLWNlbnRyYWwxL29wZXJhdGlvbnMvb3BlcmF0aW9uLTE3Njg2ODUwNDk1MDAtNjQ4OWMxNDE4NTUwNS1iMzJhMTFmMi04ZDlkZjAzMg","metadata":{"@type":"type.googleapis.com/google.cloud.functions.v1.OperationMetadataV1","target":"projects/javid-cb995/locations/us-central1/functions/generateCloudinarySignature","type":"CREATE_FUNCTION","request":{"@type":"type.googleapis.com/google.cloud.functions.v1.CloudFunction","name":"projects/javid-cb995/locations/us-central1/functions/generateCloudinarySignature","httpsTrigger":{"securityLevel":"SECURE_ALWAYS"},"entryPoint":"generateCloudinarySignature","updateTime":"1970-01-01T00:00:00Z","labels":{"deployment-tool":"cli-firebase","deployment-callable":"true","firebase-functions-hash":"623cdfe8af3df3dee68b255c04b6ba19cb854d39"},"sourceUploadUrl":"https://storage.googleapis.com/uploads-989081397812.us-central1.cloudfunctions.appspot.com/fc241be5-8c70-463a-9d07-c582ac5a1230.zip?GoogleAccessId=service-545318849414@gcf-admin-robot.iam.gserviceaccount.com&Expires=1768686848&Signature=tEozQjZByZ3RxsQ6ugfD2J9B%2F8cJxL4FnStD2XlSUQeGXEMfmoHuAbq2ynUnUvOk8pmU%2BBXiXQqRJP9bkrvrr3pJxe0VzweXdRXQFHPEzjvset1wK4e4dfFqtEEH5UOWquprvUjwz0sKaUvUygReNvsOmXe8QzaCpr7fwoUUZ8CZ1FfZVxsOYIV9EnYHKbSniXJqzcYrC%2BG7CdK6LcMB2W0l0y16qfDVQki5CIpnZPsCItWzcop%2FmUUXM3S8IFbvtzKHRywC4un%2ByQhglXBfIkwZv4Vz1xnANF27G6OC0bumgdFG7veo15aLWyXLeDmNBm%2Fy%2FDAb5ICszocG4i18SQ%3D%3D","environmentVariables":{"FIREBASE_CONFIG":"{\"projectId\":\"javid-cb995\",\"storageBucket\":\"javid-cb995.firebasestorage.app\"}","GCLOUD_PROJECT":"javid-cb995","EVENTARC_CLOUD_EVENT_SOURCE":"projects/javid-cb995/locations/us-central1/functions/generateCloudinarySignature"},"runtime":"nodejs20","buildEnvironmentVariables":{"GOOGLE_NODE_RUN_SCRIPTS":""},"dockerRegistry":"ARTIFACT_REGISTRY"},"versionId":"1","updateTime":"2026-01-17T21:24:10.857479550Z"}}
[debug] [2026-01-17T21:24:27.481Z] [create-default-us-central1-generateCloudinarySignature] Retrying task index 0
[debug] [2026-01-17T21:24:27.482Z] Checked if tokens are valid: true, expires at: 1768686904345
[debug] [2026-01-17T21:24:27.483Z] Checked if tokens are valid: true, expires at: 1768686904345
[debug] [2026-01-17T21:24:27.484Z] >>> [apiv2][query] GET https://cloudfunctions.googleapis.com/v1/operations/cHJvamVjdHMvamF2aWQtY2I5OTUvbG9jYXRpb25zL3VzLWNlbnRyYWwxL29wZXJhdGlvbnMvb3BlcmF0aW9uLTE3Njg2ODUwNDk1MDAtNjQ4OWMxNDE4NTUwNS1iMzJhMTFmMi04ZDlkZjAzMg [none]
[debug] [2026-01-17T21:24:27.690Z] <<< [apiv2][status] GET https://cloudfunctions.googleapis.com/v1/operations/cHJvamVjdHMvamF2aWQtY2I5OTUvbG9jYXRpb25zL3VzLWNlbnRyYWwxL29wZXJhdGlvbnMvb3BlcmF0aW9uLTE3Njg2ODUwNDk1MDAtNjQ4OWMxNDE4NTUwNS1iMzJhMTFmMi04ZDlkZjAzMg 200
[debug] [2026-01-17T21:24:27.690Z] <<< [apiv2][body] GET https://cloudfunctions.googleapis.com/v1/operations/cHJvamVjdHMvamF2aWQtY2I5OTUvbG9jYXRpb25zL3VzLWNlbnRyYWwxL29wZXJhdGlvbnMvb3BlcmF0aW9uLTE3Njg2ODUwNDk1MDAtNjQ4OWMxNDE4NTUwNS1iMzJhMTFmMi04ZDlkZjAzMg {"name":"operations/cHJvamVjdHMvamF2aWQtY2I5OTUvbG9jYXRpb25zL3VzLWNlbnRyYWwxL29wZXJhdGlvbnMvb3BlcmF0aW9uLTE3Njg2ODUwNDk1MDAtNjQ4OWMxNDE4NTUwNS1iMzJhMTFmMi04ZDlkZjAzMg","metadata":{"@type":"type.googleapis.com/google.cloud.functions.v1.OperationMetadataV1","target":"projects/javid-cb995/locations/us-central1/functions/generateCloudinarySignature","type":"CREATE_FUNCTION","request":{"@type":"type.googleapis.com/google.cloud.functions.v1.CloudFunction","name":"projects/javid-cb995/locations/us-central1/functions/generateCloudinarySignature","httpsTrigger":{"securityLevel":"SECURE_ALWAYS"},"entryPoint":"generateCloudinarySignature","updateTime":"1970-01-01T00:00:00Z","labels":{"deployment-tool":"cli-firebase","deployment-callable":"true","firebase-functions-hash":"623cdfe8af3df3dee68b255c04b6ba19cb854d39"},"sourceUploadUrl":"https://storage.googleapis.com/uploads-989081397812.us-central1.cloudfunctions.appspot.com/fc241be5-8c70-463a-9d07-c582ac5a1230.zip?GoogleAccessId=service-545318849414@gcf-admin-robot.iam.gserviceaccount.com&Expires=1768686848&Signature=tEozQjZByZ3RxsQ6ugfD2J9B%2F8cJxL4FnStD2XlSUQeGXEMfmoHuAbq2ynUnUvOk8pmU%2BBXiXQqRJP9bkrvrr3pJxe0VzweXdRXQFHPEzjvset1wK4e4dfFqtEEH5UOWquprvUjwz0sKaUvUygReNvsOmXe8QzaCpr7fwoUUZ8CZ1FfZVxsOYIV9EnYHKbSniXJqzcYrC%2BG7CdK6LcMB2W0l0y16qfDVQki5CIpnZPsCItWzcop%2FmUUXM3S8IFbvtzKHRywC4un%2ByQhglXBfIkwZv4Vz1xnANF27G6OC0bumgdFG7veo15aLWyXLeDmNBm%2Fy%2FDAb5ICszocG4i18SQ%3D%3D","environmentVariables":{"FIREBASE_CONFIG":"{\"projectId\":\"javid-cb995\",\"storageBucket\":\"javid-cb995.firebasestorage.app\"}","GCLOUD_PROJECT":"javid-cb995","EVENTARC_CLOUD_EVENT_SOURCE":"projects/javid-cb995/locations/us-central1/functions/generateCloudinarySignature"},"runtime":"nodejs20","buildEnvironmentVariables":{"GOOGLE_NODE_RUN_SCRIPTS":""},"dockerRegistry":"ARTIFACT_REGISTRY"},"versionId":"1","updateTime":"2026-01-17T21:24:10.857479550Z"}}
[debug] [2026-01-17T21:24:37.691Z] [create-default-us-central1-generateCloudinarySignature] Retrying task index 0
[debug] [2026-01-17T21:24:37.692Z] Checked if tokens are valid: true, expires at: 1768686904345
[debug] [2026-01-17T21:24:37.693Z] Checked if tokens are valid: true, expires at: 1768686904345
[debug] [2026-01-17T21:24:37.694Z] >>> [apiv2][query] GET https://cloudfunctions.googleapis.com/v1/operations/cHJvamVjdHMvamF2aWQtY2I5OTUvbG9jYXRpb25zL3VzLWNlbnRyYWwxL29wZXJhdGlvbnMvb3BlcmF0aW9uLTE3Njg2ODUwNDk1MDAtNjQ4OWMxNDE4NTUwNS1iMzJhMTFmMi04ZDlkZjAzMg [none]
[debug] [2026-01-17T21:24:37.972Z] <<< [apiv2][status] GET https://cloudfunctions.googleapis.com/v1/operations/cHJvamVjdHMvamF2aWQtY2I5OTUvbG9jYXRpb25zL3VzLWNlbnRyYWwxL29wZXJhdGlvbnMvb3BlcmF0aW9uLTE3Njg2ODUwNDk1MDAtNjQ4OWMxNDE4NTUwNS1iMzJhMTFmMi04ZDlkZjAzMg 200
[debug] [2026-01-17T21:24:37.972Z] <<< [apiv2][body] GET https://cloudfunctions.googleapis.com/v1/operations/cHJvamVjdHMvamF2aWQtY2I5OTUvbG9jYXRpb25zL3VzLWNlbnRyYWwxL29wZXJhdGlvbnMvb3BlcmF0aW9uLTE3Njg2ODUwNDk1MDAtNjQ4OWMxNDE4NTUwNS1iMzJhMTFmMi04ZDlkZjAzMg {"name":"operations/cHJvamVjdHMvamF2aWQtY2I5OTUvbG9jYXRpb25zL3VzLWNlbnRyYWwxL29wZXJhdGlvbnMvb3BlcmF0aW9uLTE3Njg2ODUwNDk1MDAtNjQ4OWMxNDE4NTUwNS1iMzJhMTFmMi04ZDlkZjAzMg","metadata":{"@type":"type.googleapis.com/google.cloud.functions.v1.OperationMetadataV1","target":"projects/javid-cb995/locations/us-central1/functions/generateCloudinarySignature","type":"CREATE_FUNCTION","request":{"@type":"type.googleapis.com/google.cloud.functions.v1.CloudFunction","name":"projects/javid-cb995/locations/us-central1/functions/generateCloudinarySignature","httpsTrigger":{"securityLevel":"SECURE_ALWAYS"},"entryPoint":"generateCloudinarySignature","updateTime":"1970-01-01T00:00:00Z","labels":{"deployment-tool":"cli-firebase","deployment-callable":"true","firebase-functions-hash":"623cdfe8af3df3dee68b255c04b6ba19cb854d39"},"sourceUploadUrl":"https://storage.googleapis.com/uploads-989081397812.us-central1.cloudfunctions.appspot.com/fc241be5-8c70-463a-9d07-c582ac5a1230.zip?GoogleAccessId=service-545318849414@gcf-admin-robot.iam.gserviceaccount.com&Expires=1768686848&Signature=tEozQjZByZ3RxsQ6ugfD2J9B%2F8cJxL4FnStD2XlSUQeGXEMfmoHuAbq2ynUnUvOk8pmU%2BBXiXQqRJP9bkrvrr3pJxe0VzweXdRXQFHPEzjvset1wK4e4dfFqtEEH5UOWquprvUjwz0sKaUvUygReNvsOmXe8QzaCpr7fwoUUZ8CZ1FfZVxsOYIV9EnYHKbSniXJqzcYrC%2BG7CdK6LcMB2W0l0y16qfDVQki5CIpnZPsCItWzcop%2FmUUXM3S8IFbvtzKHRywC4un%2ByQhglXBfIkwZv4Vz1xnANF27G6OC0bumgdFG7veo15aLWyXLeDmNBm%2Fy%2FDAb5ICszocG4i18SQ%3D%3D","environmentVariables":{"FIREBASE_CONFIG":"{\"projectId\":\"javid-cb995\",\"storageBucket\":\"javid-cb995.firebasestorage.app\"}","GCLOUD_PROJECT":"javid-cb995","EVENTARC_CLOUD_EVENT_SOURCE":"projects/javid-cb995/locations/us-central1/functions/generateCloudinarySignature"},"runtime":"nodejs20","buildEnvironmentVariables":{"GOOGLE_NODE_RUN_SCRIPTS":""},"dockerRegistry":"ARTIFACT_REGISTRY"},"versionId":"1","updateTime":"2026-01-17T21:24:10.857479550Z","buildId":"d3a4560d-a227-4ff1-bbfe-5045e0be5d32","buildName":"projects/545318849414/locations/us-central1/builds/d3a4560d-a227-4ff1-bbfe-5045e0be5d32"}}
[debug] [2026-01-17T21:24:47.974Z] [create-default-us-central1-generateCloudinarySignature] Retrying task index 0
[debug] [2026-01-17T21:24:47.975Z] Checked if tokens are valid: true, expires at: 1768686904345
[debug] [2026-01-17T21:24:47.975Z] Checked if tokens are valid: true, expires at: 1768686904345
[debug] [2026-01-17T21:24:47.976Z] >>> [apiv2][query] GET https://cloudfunctions.googleapis.com/v1/operations/cHJvamVjdHMvamF2aWQtY2I5OTUvbG9jYXRpb25zL3VzLWNlbnRyYWwxL29wZXJhdGlvbnMvb3BlcmF0aW9uLTE3Njg2ODUwNDk1MDAtNjQ4OWMxNDE4NTUwNS1iMzJhMTFmMi04ZDlkZjAzMg [none]
[debug] [2026-01-17T21:24:48.204Z] <<< [apiv2][status] GET https://cloudfunctions.googleapis.com/v1/operations/cHJvamVjdHMvamF2aWQtY2I5OTUvbG9jYXRpb25zL3VzLWNlbnRyYWwxL29wZXJhdGlvbnMvb3BlcmF0aW9uLTE3Njg2ODUwNDk1MDAtNjQ4OWMxNDE4NTUwNS1iMzJhMTFmMi04ZDlkZjAzMg 200
[debug] [2026-01-17T21:24:48.205Z] <<< [apiv2][body] GET https://cloudfunctions.googleapis.com/v1/operations/cHJvamVjdHMvamF2aWQtY2I5OTUvbG9jYXRpb25zL3VzLWNlbnRyYWwxL29wZXJhdGlvbnMvb3BlcmF0aW9uLTE3Njg2ODUwNDk1MDAtNjQ4OWMxNDE4NTUwNS1iMzJhMTFmMi04ZDlkZjAzMg {"name":"operations/cHJvamVjdHMvamF2aWQtY2I5OTUvbG9jYXRpb25zL3VzLWNlbnRyYWwxL29wZXJhdGlvbnMvb3BlcmF0aW9uLTE3Njg2ODUwNDk1MDAtNjQ4OWMxNDE4NTUwNS1iMzJhMTFmMi04ZDlkZjAzMg","metadata":{"@type":"type.googleapis.com/google.cloud.functions.v1.OperationMetadataV1","target":"projects/javid-cb995/locations/us-central1/functions/generateCloudinarySignature","type":"CREATE_FUNCTION","request":{"@type":"type.googleapis.com/google.cloud.functions.v1.CloudFunction","name":"projects/javid-cb995/locations/us-central1/functions/generateCloudinarySignature","httpsTrigger":{"securityLevel":"SECURE_ALWAYS"},"entryPoint":"generateCloudinarySignature","updateTime":"1970-01-01T00:00:00Z","labels":{"deployment-tool":"cli-firebase","deployment-callable":"true","firebase-functions-hash":"623cdfe8af3df3dee68b255c04b6ba19cb854d39"},"sourceUploadUrl":"https://storage.googleapis.com/uploads-989081397812.us-central1.cloudfunctions.appspot.com/fc241be5-8c70-463a-9d07-c582ac5a1230.zip?GoogleAccessId=service-545318849414@gcf-admin-robot.iam.gserviceaccount.com&Expires=1768686848&Signature=tEozQjZByZ3RxsQ6ugfD2J9B%2F8cJxL4FnStD2XlSUQeGXEMfmoHuAbq2ynUnUvOk8pmU%2BBXiXQqRJP9bkrvrr3pJxe0VzweXdRXQFHPEzjvset1wK4e4dfFqtEEH5UOWquprvUjwz0sKaUvUygReNvsOmXe8QzaCpr7fwoUUZ8CZ1FfZVxsOYIV9EnYHKbSniXJqzcYrC%2BG7CdK6LcMB2W0l0y16qfDVQki5CIpnZPsCItWzcop%2FmUUXM3S8IFbvtzKHRywC4un%2ByQhglXBfIkwZv4Vz1xnANF27G6OC0bumgdFG7veo15aLWyXLeDmNBm%2Fy%2FDAb5ICszocG4i18SQ%3D%3D","environmentVariables":{"FIREBASE_CONFIG":"{\"projectId\":\"javid-cb995\",\"storageBucket\":\"javid-cb995.firebasestorage.app\"}","GCLOUD_PROJECT":"javid-cb995","EVENTARC_CLOUD_EVENT_SOURCE":"projects/javid-cb995/locations/us-central1/functions/generateCloudinarySignature"},"runtime":"nodejs20","buildEnvironmentVariables":{"GOOGLE_NODE_RUN_SCRIPTS":""},"dockerRegistry":"ARTIFACT_REGISTRY"},"versionId":"1","updateTime":"2026-01-17T21:24:10.857479550Z","buildId":"d3a4560d-a227-4ff1-bbfe-5045e0be5d32","buildName":"projects/545318849414/locations/us-central1/builds/d3a4560d-a227-4ff1-bbfe-5045e0be5d32"}}
[debug] [2026-01-17T21:24:58.206Z] [create-default-us-central1-generateCloudinarySignature] Retrying task index 0
[debug] [2026-01-17T21:24:58.207Z] Checked if tokens are valid: true, expires at: 1768686904345
[debug] [2026-01-17T21:24:58.207Z] Checked if tokens are valid: true, expires at: 1768686904345
[debug] [2026-01-17T21:24:58.208Z] >>> [apiv2][query] GET https://cloudfunctions.googleapis.com/v1/operations/cHJvamVjdHMvamF2aWQtY2I5OTUvbG9jYXRpb25zL3VzLWNlbnRyYWwxL29wZXJhdGlvbnMvb3BlcmF0aW9uLTE3Njg2ODUwNDk1MDAtNjQ4OWMxNDE4NTUwNS1iMzJhMTFmMi04ZDlkZjAzMg [none]
[debug] [2026-01-17T21:24:58.523Z] <<< [apiv2][status] GET https://cloudfunctions.googleapis.com/v1/operations/cHJvamVjdHMvamF2aWQtY2I5OTUvbG9jYXRpb25zL3VzLWNlbnRyYWwxL29wZXJhdGlvbnMvb3BlcmF0aW9uLTE3Njg2ODUwNDk1MDAtNjQ4OWMxNDE4NTUwNS1iMzJhMTFmMi04ZDlkZjAzMg 200
[debug] [2026-01-17T21:24:58.523Z] <<< [apiv2][body] GET https://cloudfunctions.googleapis.com/v1/operations/cHJvamVjdHMvamF2aWQtY2I5OTUvbG9jYXRpb25zL3VzLWNlbnRyYWwxL29wZXJhdGlvbnMvb3BlcmF0aW9uLTE3Njg2ODUwNDk1MDAtNjQ4OWMxNDE4NTUwNS1iMzJhMTFmMi04ZDlkZjAzMg {"name":"operations/cHJvamVjdHMvamF2aWQtY2I5OTUvbG9jYXRpb25zL3VzLWNlbnRyYWwxL29wZXJhdGlvbnMvb3BlcmF0aW9uLTE3Njg2ODUwNDk1MDAtNjQ4OWMxNDE4NTUwNS1iMzJhMTFmMi04ZDlkZjAzMg","metadata":{"@type":"type.googleapis.com/google.cloud.functions.v1.OperationMetadataV1","target":"projects/javid-cb995/locations/us-central1/functions/generateCloudinarySignature","type":"CREATE_FUNCTION","request":{"@type":"type.googleapis.com/google.cloud.functions.v1.CloudFunction","name":"projects/javid-cb995/locations/us-central1/functions/generateCloudinarySignature","httpsTrigger":{"securityLevel":"SECURE_ALWAYS"},"entryPoint":"generateCloudinarySignature","updateTime":"1970-01-01T00:00:00Z","labels":{"deployment-tool":"cli-firebase","deployment-callable":"true","firebase-functions-hash":"623cdfe8af3df3dee68b255c04b6ba19cb854d39"},"sourceUploadUrl":"https://storage.googleapis.com/uploads-989081397812.us-central1.cloudfunctions.appspot.com/fc241be5-8c70-463a-9d07-c582ac5a1230.zip?GoogleAccessId=service-545318849414@gcf-admin-robot.iam.gserviceaccount.com&Expires=1768686848&Signature=tEozQjZByZ3RxsQ6ugfD2J9B%2F8cJxL4FnStD2XlSUQeGXEMfmoHuAbq2ynUnUvOk8pmU%2BBXiXQqRJP9bkrvrr3pJxe0VzweXdRXQFHPEzjvset1wK4e4dfFqtEEH5UOWquprvUjwz0sKaUvUygReNvsOmXe8QzaCpr7fwoUUZ8CZ1FfZVxsOYIV9EnYHKbSniXJqzcYrC%2BG7CdK6LcMB2W0l0y16qfDVQki5CIpnZPsCItWzcop%2FmUUXM3S8IFbvtzKHRywC4un%2ByQhglXBfIkwZv4Vz1xnANF27G6OC0bumgdFG7veo15aLWyXLeDmNBm%2Fy%2FDAb5ICszocG4i18SQ%3D%3D","environmentVariables":{"FIREBASE_CONFIG":"{\"projectId\":\"javid-cb995\",\"storageBucket\":\"javid-cb995.firebasestorage.app\"}","GCLOUD_PROJECT":"javid-cb995","EVENTARC_CLOUD_EVENT_SOURCE":"projects/javid-cb995/locations/us-central1/functions/generateCloudinarySignature"},"runtime":"nodejs20","buildEnvironmentVariables":{"GOOGLE_NODE_RUN_SCRIPTS":""},"dockerRegistry":"ARTIFACT_REGISTRY"},"versionId":"1","updateTime":"2026-01-17T21:24:10.857479550Z","buildId":"d3a4560d-a227-4ff1-bbfe-5045e0be5d32","buildName":"projects/545318849414/locations/us-central1/builds/d3a4560d-a227-4ff1-bbfe-5045e0be5d32"}}
[debug] [2026-01-17T21:25:08.524Z] [create-default-us-central1-generateCloudinarySignature] Retrying task index 0
[debug] [2026-01-17T21:25:08.525Z] Checked if tokens are valid: true, expires at: 1768686904345
[debug] [2026-01-17T21:25:08.525Z] Checked if tokens are valid: true, expires at: 1768686904345
[debug] [2026-01-17T21:25:08.526Z] >>> [apiv2][query] GET https://cloudfunctions.googleapis.com/v1/operations/cHJvamVjdHMvamF2aWQtY2I5OTUvbG9jYXRpb25zL3VzLWNlbnRyYWwxL29wZXJhdGlvbnMvb3BlcmF0aW9uLTE3Njg2ODUwNDk1MDAtNjQ4OWMxNDE4NTUwNS1iMzJhMTFmMi04ZDlkZjAzMg [none]
[debug] [2026-01-17T21:25:08.718Z] <<< [apiv2][status] GET https://cloudfunctions.googleapis.com/v1/operations/cHJvamVjdHMvamF2aWQtY2I5OTUvbG9jYXRpb25zL3VzLWNlbnRyYWwxL29wZXJhdGlvbnMvb3BlcmF0aW9uLTE3Njg2ODUwNDk1MDAtNjQ4OWMxNDE4NTUwNS1iMzJhMTFmMi04ZDlkZjAzMg 200
[debug] [2026-01-17T21:25:08.718Z] <<< [apiv2][body] GET https://cloudfunctions.googleapis.com/v1/operations/cHJvamVjdHMvamF2aWQtY2I5OTUvbG9jYXRpb25zL3VzLWNlbnRyYWwxL29wZXJhdGlvbnMvb3BlcmF0aW9uLTE3Njg2ODUwNDk1MDAtNjQ4OWMxNDE4NTUwNS1iMzJhMTFmMi04ZDlkZjAzMg {"name":"operations/cHJvamVjdHMvamF2aWQtY2I5OTUvbG9jYXRpb25zL3VzLWNlbnRyYWwxL29wZXJhdGlvbnMvb3BlcmF0aW9uLTE3Njg2ODUwNDk1MDAtNjQ4OWMxNDE4NTUwNS1iMzJhMTFmMi04ZDlkZjAzMg","metadata":{"@type":"type.googleapis.com/google.cloud.functions.v1.OperationMetadataV1","target":"projects/javid-cb995/locations/us-central1/functions/generateCloudinarySignature","type":"CREATE_FUNCTION","request":{"@type":"type.googleapis.com/google.cloud.functions.v1.CloudFunction","name":"projects/javid-cb995/locations/us-central1/functions/generateCloudinarySignature","httpsTrigger":{"securityLevel":"SECURE_ALWAYS"},"entryPoint":"generateCloudinarySignature","updateTime":"1970-01-01T00:00:00Z","labels":{"deployment-tool":"cli-firebase","deployment-callable":"true","firebase-functions-hash":"623cdfe8af3df3dee68b255c04b6ba19cb854d39"},"sourceUploadUrl":"https://storage.googleapis.com/uploads-989081397812.us-central1.cloudfunctions.appspot.com/fc241be5-8c70-463a-9d07-c582ac5a1230.zip?GoogleAccessId=service-545318849414@gcf-admin-robot.iam.gserviceaccount.com&Expires=1768686848&Signature=tEozQjZByZ3RxsQ6ugfD2J9B%2F8cJxL4FnStD2XlSUQeGXEMfmoHuAbq2ynUnUvOk8pmU%2BBXiXQqRJP9bkrvrr3pJxe0VzweXdRXQFHPEzjvset1wK4e4dfFqtEEH5UOWquprvUjwz0sKaUvUygReNvsOmXe8QzaCpr7fwoUUZ8CZ1FfZVxsOYIV9EnYHKbSniXJqzcYrC%2BG7CdK6LcMB2W0l0y16qfDVQki5CIpnZPsCItWzcop%2FmUUXM3S8IFbvtzKHRywC4un%2ByQhglXBfIkwZv4Vz1xnANF27G6OC0bumgdFG7veo15aLWyXLeDmNBm%2Fy%2FDAb5ICszocG4i18SQ%3D%3D","environmentVariables":{"FIREBASE_CONFIG":"{\"projectId\":\"javid-cb995\",\"storageBucket\":\"javid-cb995.firebasestorage.app\"}","GCLOUD_PROJECT":"javid-cb995","EVENTARC_CLOUD_EVENT_SOURCE":"projects/javid-cb995/locations/us-central1/functions/generateCloudinarySignature"},"runtime":"nodejs20","buildEnvironmentVariables":{"GOOGLE_NODE_RUN_SCRIPTS":""},"dockerRegistry":"ARTIFACT_REGISTRY"},"versionId":"1","updateTime":"2026-01-17T21:24:10.857479550Z","buildId":"d3a4560d-a227-4ff1-bbfe-5045e0be5d32","buildName":"projects/545318849414/locations/us-central1/builds/d3a4560d-a227-4ff1-bbfe-5045e0be5d32"}}
[debug] [2026-01-17T21:25:18.720Z] [create-default-us-central1-generateCloudinarySignature] Retrying task index 0
[debug] [2026-01-17T21:25:18.721Z] Checked if tokens are valid: true, expires at: 1768686904345
[debug] [2026-01-17T21:25:18.721Z] Checked if tokens are valid: true, expires at: 1768686904345
[debug] [2026-01-17T21:25:18.722Z] >>> [apiv2][query] GET https://cloudfunctions.googleapis.com/v1/operations/cHJvamVjdHMvamF2aWQtY2I5OTUvbG9jYXRpb25zL3VzLWNlbnRyYWwxL29wZXJhdGlvbnMvb3BlcmF0aW9uLTE3Njg2ODUwNDk1MDAtNjQ4OWMxNDE4NTUwNS1iMzJhMTFmMi04ZDlkZjAzMg [none]
[debug] [2026-01-17T21:25:19.011Z] <<< [apiv2][status] GET https://cloudfunctions.googleapis.com/v1/operations/cHJvamVjdHMvamF2aWQtY2I5OTUvbG9jYXRpb25zL3VzLWNlbnRyYWwxL29wZXJhdGlvbnMvb3BlcmF0aW9uLTE3Njg2ODUwNDk1MDAtNjQ4OWMxNDE4NTUwNS1iMzJhMTFmMi04ZDlkZjAzMg 200
[debug] [2026-01-17T21:25:19.011Z] <<< [apiv2][body] GET https://cloudfunctions.googleapis.com/v1/operations/cHJvamVjdHMvamF2aWQtY2I5OTUvbG9jYXRpb25zL3VzLWNlbnRyYWwxL29wZXJhdGlvbnMvb3BlcmF0aW9uLTE3Njg2ODUwNDk1MDAtNjQ4OWMxNDE4NTUwNS1iMzJhMTFmMi04ZDlkZjAzMg {"name":"operations/cHJvamVjdHMvamF2aWQtY2I5OTUvbG9jYXRpb25zL3VzLWNlbnRyYWwxL29wZXJhdGlvbnMvb3BlcmF0aW9uLTE3Njg2ODUwNDk1MDAtNjQ4OWMxNDE4NTUwNS1iMzJhMTFmMi04ZDlkZjAzMg","metadata":{"@type":"type.googleapis.com/google.cloud.functions.v1.OperationMetadataV1","target":"projects/javid-cb995/locations/us-central1/functions/generateCloudinarySignature","type":"CREATE_FUNCTION","request":{"@type":"type.googleapis.com/google.cloud.functions.v1.CloudFunction","name":"projects/javid-cb995/locations/us-central1/functions/generateCloudinarySignature","httpsTrigger":{"securityLevel":"SECURE_ALWAYS"},"entryPoint":"generateCloudinarySignature","updateTime":"1970-01-01T00:00:00Z","labels":{"deployment-tool":"cli-firebase","deployment-callable":"true","firebase-functions-hash":"623cdfe8af3df3dee68b255c04b6ba19cb854d39"},"sourceUploadUrl":"https://storage.googleapis.com/uploads-989081397812.us-central1.cloudfunctions.appspot.com/fc241be5-8c70-463a-9d07-c582ac5a1230.zip?GoogleAccessId=service-545318849414@gcf-admin-robot.iam.gserviceaccount.com&Expires=1768686848&Signature=tEozQjZByZ3RxsQ6ugfD2J9B%2F8cJxL4FnStD2XlSUQeGXEMfmoHuAbq2ynUnUvOk8pmU%2BBXiXQqRJP9bkrvrr3pJxe0VzweXdRXQFHPEzjvset1wK4e4dfFqtEEH5UOWquprvUjwz0sKaUvUygReNvsOmXe8QzaCpr7fwoUUZ8CZ1FfZVxsOYIV9EnYHKbSniXJqzcYrC%2BG7CdK6LcMB2W0l0y16qfDVQki5CIpnZPsCItWzcop%2FmUUXM3S8IFbvtzKHRywC4un%2ByQhglXBfIkwZv4Vz1xnANF27G6OC0bumgdFG7veo15aLWyXLeDmNBm%2Fy%2FDAb5ICszocG4i18SQ%3D%3D","environmentVariables":{"FIREBASE_CONFIG":"{\"projectId\":\"javid-cb995\",\"storageBucket\":\"javid-cb995.firebasestorage.app\"}","GCLOUD_PROJECT":"javid-cb995","EVENTARC_CLOUD_EVENT_SOURCE":"projects/javid-cb995/locations/us-central1/functions/generateCloudinarySignature"},"runtime":"nodejs20","buildEnvironmentVariables":{"GOOGLE_NODE_RUN_SCRIPTS":""},"dockerRegistry":"ARTIFACT_REGISTRY"},"versionId":"1","updateTime":"2026-01-17T21:25:17.907046100Z","buildId":"d3a4560d-a227-4ff1-bbfe-5045e0be5d32","buildName":"projects/545318849414/locations/us-central1/builds/d3a4560d-a227-4ff1-bbfe-5045e0be5d32"},"done":true,"error":{"code":3,"message":"Gen1 operation for function projects/javid-cb995/locations/us-central1/functions/generateCloudinarySignature failed: Build failed: npm error code EUSAGE\nnpm error\nnpm error `npm ci` can only install packages when your package.json and package-lock.json or npm-shrinkwrap.json are in sync. Please update your lock file with `npm install` before continuing.\nnpm error\nnpm error Missing: jest@30.2.0 from lock file\nnpm error Missing: @jest/core@30.2.0 from lock file\nnpm error Missing: @jest/types@30.2.0 from lock file\nnpm error Missing: import-local@3.2.0 from lock file\nnpm error Missing: jest-cli@30.2.0 from lock file\nnpm error Missing: @jest/console@30.2.0 from lock file\nnpm error Missing: @jest/pattern@30.0.1 from lock file\nnpm error Missing: @jest/reporters@30.2.0 from lock file\nnpm error Missing: @jest/test-result@30.2.0 from lock file\nnpm error Missing: @jest/transform@30.2.0 from lock file\nnpm error Missing: ansi-escapes@4.3.2 from lock file\nnpm error Missing: chalk@4.1.2 from lock file\nnpm error Missing: ci-info@4.3.1 from lock file\nnpm error Missing: exit-x@0.2.2 from lock file\nnpm error Missing: graceful-fs@4.2.11 from lock file\nnpm error Missing: jest-changed-files@30.2.0 from lock file\nnpm error Missing: jest-config@30.2.0 from lock file\nnpm error Missing: jest-haste-map@30.2.0 from lock file\nnpm error Missing: jest-message-util@30.2.0 from lock file\nnpm error Missing: jest-regex-util@30.0.1 from lock file\nnpm error Missing: jest-resolve@30.2.0 from lock file\nnpm error Missing: jest-resolve-dependencies@30.2.0 from lock file\nnpm error Missing: jest-runner@30.2.0 from lock file\nnpm error Missing: jest-runtime@30.2.0 from lock file\nnpm error Missing: jest-snapshot@30.2.0 from lock file\nnpm error Missing: jest-util@30.2.0 from lock file\nnpm error Missing: jest-validate@30.2.0 from lock file\nnpm error Missing: jest-watcher@30.2.0 from lock file\nnpm error Missing: micromatch@4.0.8 from lock file\nnpm error Missing: pretty-format@30.2.0 from lock file\nnpm error Missing: slash@3.0.0 from lock file\nnpm error Missing: @bcoe/v8-coverage@0.2.3 from lock file\nnpm error Missing: @jridgewell/trace-mapping@0.3.31 from lock file\nnpm error Missing: collect-v8-coverage@1.0.3 from lock file\nnpm error Missing: glob@10.5.0 from lock file\nnpm error Missing: istanbul-lib-coverage@3.2.2 from lock file\nnpm error Missing: istanbul-lib-instrument@6.0.3 from lock file\nnpm error Missing: istanbul-lib-report@3.0.1 from lock file\nnpm error Missing: istanbul-lib-source-maps@5.0.6 from lock file\nnpm error Missing: istanbul-reports@3.2.0 from lock file\nnpm error Missing: jest-worker@30.2.0 from lock file\nnpm error Missing: string-length@4.0.2 from lock file\nnpm error Missing: v8-to-istanbul@9.3.0 from lock file\nnpm error Missing: @types/istanbul-lib-coverage@2.0.6 from lock file\nnpm error Missing: @babel/core@7.28.6 from lock file\nnpm error Missing: babel-plugin-istanbul@7.0.1 from lock file\nnpm error Missing: convert-source-map@2.0.0 from lock file\nnpm error Missing: fast-json-stable-stringify@2.1.0 from lock file\nnpm error Missing: pirates@4.0.7 from lock file\nnpm error Missing: write-file-atomic@5.0.1 from lock file\nnpm error Missing: @babel/code-frame@7.28.6 from lock file\nnpm error Missing: @babel/generator@7.28.6 from lock file\nnpm error Missing: @babel/helper-compilation-targets@7.28.6 from lock file\nnpm error Missing: @babel/helper-module-transforms@7.28.6 from lock file\nnpm error Missing: @babel/helpers@7.28.6 from lock file\nnpm error Missing: @babel/parser@7.28.6 from lock file\nnpm error Missing: @babel/template@7.28.6 from lock file\nnpm error Missing: @babel/traverse@7.28.6 from lock file\nnpm error Missing: @babel/types@7.28.6 from lock file\nnpm error Missing: @jridgewell/remapping@2.3.5 from lock file\nnpm error Missing: debug@4.4.3 from lock file\nnpm error Missing: gensync@1.0.0-beta.2 from lock file\nnpm error Missing: json5@2.2.3 from lock file\nnpm error Missing: semver@6.3.1 from lock file\nnpm error Missing: @babel/helper-validator-identifier@7.28.5 from lock file\nnpm error Missing: js-tokens@4.0.0 from lock file\nnpm error Missing: picocolors@1.1.1 from lock file\nnpm error Missing: @jridgewell/gen-mapping@0.3.13 from lock file\nnpm error Missing: jsesc@3.1.0 from lock file\nnpm error Missing: @babel/compat-data@7.28.6 from lock file\nnpm error Missing: @babel/helper-validator-option@7.27.1 from lock file\nnpm error Missing: browserslist@4.28.1 from lock file\nnpm error Missing: lru-cache@5.1.1 from lock file\nnpm error Missing: semver@6.3.1 from lock file\nnpm error Missing: @babel/helper-module-imports@7.28.6 from lock file\nnpm error Missing: @babel/helper-globals@7.28.0 from lock file\nnpm error Missing: debug@4.4.3 from lock file\nnpm error Missing: @babel/helper-string-parser@7.27.1 from lock file\nnpm error Missing: @jest/schemas@30.0.5 from lock file\nnpm error Missing: @types/istanbul-reports@3.0.4 from lock file\nnpm error Missing: @types/yargs@17.0.35 from lock file\nnpm error Missing: @sinclair/typebox@0.34.47 from lock file\nnpm error Missing: @jridgewell/sourcemap-codec@1.5.5 from lock file\nnpm error Missing: @jridgewell/resolve-uri@3.1.2 from lock file\nnpm error Missing: @types/istanbul-lib-report@3.0.3 from lock file\nnpm error Missing: @types/yargs-parser@21.0.3 from lock file\nnpm error Missing: type-fest@0.21.3 from lock file\nnpm error Missing: @babel/helper-plugin-utils@7.28.6 from lock file\nnpm error Missing: @istanbuljs/load-nyc-config@1.1.0 from lock file\nnpm error Missing: @istanbuljs/schema@0.1.3 from lock file\nnpm error Missing: test-exclude@6.0.0 from lock file\nnpm error Missing: camelcase@5.3.1 from lock file\nnpm error Missing: find-up@4.1.0 from lock file\nnpm error Missing: get-package-type@0.1.0 from lock file\nnpm error Missing: js-yaml@3.14.2 from lock file\nnpm error Missing: resolve-from@5.0.0 from lock file\nnpm error Missing: baseline-browser-mapping@2.9.15 from lock file\nnpm error Missing: caniuse-lite@1.0.30001764 from lock file\nnpm error Missing: electron-to-chromium@1.5.267 from lock file\nnpm error Missing: node-releases@2.0.27 from lock file\nnpm error Missing: update-browserslist-db@1.2.3 from lock file\nnpm error Missing: supports-color@7.2.0 from lock file\nnpm error Missing: locate-path@5.0.0 from lock file\nnpm error Missing: path-exists@4.0.0 from lock file\nnpm error Missing: foreground-child@3.3.1 from lock file\nnpm error Missing: jackspeak@3.4.3 from lock file\nnpm error Missing: minimatch@9.0.5 from lock file\nnpm error Missing: minipass@7.1.2 from lock file\nnpm error Missing: package-json-from-dist@1.0.1 from lock file\nnpm error Missing: path-scurry@1.11.1 from lock file\nnpm error Missing: cross-spawn@7.0.6 from lock file\nnpm error Missing: signal-exit@4.1.0 from lock file\nnpm error Missing: path-key@3.1.1 from lock file\nnpm error Missing: shebang-command@2.0.0 from lock file\nnpm error Missing: which@2.0.2 from lock file\nnpm error Missing: pkg-dir@4.2.0 from lock file\nnpm error Missing: resolve-cwd@3.0.0 from lock file\nnpm error Missing: make-dir@4.0.0 from lock file\nnpm error Missing: debug@4.4.3 from lock file\nnpm error Missing: html-escaper@2.0.2 from lock file\nnpm error Missing: @isaacs/cliui@8.0.2 from lock file\nnpm error Missing: @pkgjs/parseargs@0.11.0 from lock file\nnpm error Missing: string-width@5.1.2 from lock file\nnpm error Missing: string-width-cjs@4.2.3 from lock file\nnpm error Missing: strip-ansi@7.1.2 from lock file\nnpm error Missing: strip-ansi-cjs@6.0.1 from lock file\nnpm error Missing: wrap-ansi@8.1.0 from lock file\nnpm error Missing: wrap-ansi-cjs@7.0.0 from lock file\nnpm error Missing: execa@5.1.1 from lock file\nnpm error Missing: get-stream@6.0.1 from lock file\nnpm error Missing: human-signals@2.1.0 from lock file\nnpm error Missing: merge-stream@2.0.0 from lock file\nnpm error Missing: npm-run-path@4.0.1 from lock file\nnpm error Missing: onetime@5.1.2 from lock file\nnpm error Missing: signal-exit@3.0.7 from lock file\nnpm error Missing: strip-final-newline@2.0.0 from lock file\nnpm error Missing: @jest/get-type@30.1.0 from lock file\nnpm error Missing: @jest/test-sequencer@30.2.0 from lock file\nnpm error Missing: babel-jest@30.2.0 from lock file\nnpm error Missing: deepmerge@4.3.1 from lock file\nnpm error Missing: jest-circus@30.2.0 from lock file\nnpm error Missing: jest-docblock@30.2.0 from lock file\nnpm error Missing: jest-environment-node@30.2.0 from lock file\nnpm error Missing: parse-json@5.2.0 from lock file\nnpm error Missing: strip-json-comments@3.1.1 from lock file\nnpm error Missing: @types/babel__core@7.20.5 from lock file\nnpm error Missing: babel-preset-jest@30.2.0 from lock file\nnpm error Missing: @types/babel__generator@7.27.0 from lock file\nnpm error Missing: @types/babel__template@7.4.4 from lock file\nnpm error Missing: @types/babel__traverse@7.28.0 from lock file\nnpm error Missing: babel-plugin-jest-hoist@30.2.0 from lock file\nnpm error Missing: babel-preset-current-node-syntax@1.2.0 from lock file\nnpm error Missing: @babel/plugin-syntax-async-generators@7.8.4 from lock file\nnpm error Missing: @babel/plugin-syntax-bigint@7.8.3 from lock file\nnpm error Missing: @babel/plugin-syntax-class-properties@7.12.13 from lock file\nnpm error Missing: @babel/plugin-syntax-class-static-block@7.14.5 from lock file\nnpm error Missing: @babel/plugin-syntax-import-attributes@7.28.6 from lock file\nnpm error Missing: @babel/plugin-syntax-import-meta@7.10.4 from lock file\nnpm error Missing: @babel/plugin-syntax-json-strings@7.8.3 from lock file\nnpm error Missing: @babel/plugin-syntax-logical-assignment-operators@7.10.4 from lock file\nnpm error Missing: @babel/plugin-syntax-nullish-coalescing-operator@7.8.3 from lock file\nnpm error Missing: @babel/plugin-syntax-numeric-separator@7.10.4 from lock file\nnpm error Missing: @babel/plugin-syntax-object-rest-spread@7.8.3 from lock file\nnpm error Missing: @babel/plugin-syntax-optional-catch-binding@7.8.3 from lock file\nnpm error Missing: @babel/plugin-syntax-optional-chaining@7.8.3 from lock file\nnpm error Missing: @babel/plugin-syntax-private-property-in-object@7.14.5 from lock file\nnpm error Missing: @babel/plugin-syntax-top-level-await@7.14.5 from lock file\nnpm error Missing: @jest/environment@30.2.0 from lock file\nnpm error Missing: @jest/expect@30.2.0 from lock file\nnpm error Missing: co@4.6.0 from lock file\nnpm error Missing: dedent@1.7.1 from lock file\nnpm error Missing: is-generator-fn@2.1.0 from lock file\nnpm error Missing: jest-each@30.2.0 from lock file\nnpm error Missing: jest-matcher-utils@30.2.0 from lock file\nnpm error Missing: pure-rand@7.0.1 from lock file\nnpm error Missing: stack-utils@2.0.6 from lock file\nnpm error Missing: @jest/fake-timers@30.2.0 from lock file\nnpm error Missing: jest-mock@30.2.0 from lock file\nnpm error Missing: expect@30.2.0 from lock file\nnpm error Missing: @sinonjs/fake-timers@13.0.5 from lock file\nnpm error Missing: @sinonjs/commons@3.0.1 from lock file\nnpm error Missing: type-detect@4.0.8 from lock file\nnpm error Missing: @jest/expect-utils@30.2.0 from lock file\nnpm error Missing: detect-newline@3.1.0 from lock file\nnpm error Missing: anymatch@3.1.3 from lock file\nnpm error Missing: fb-watchman@2.0.2 from lock file\nnpm error Missing: fsevents@2.3.3 from lock file\nnpm error Missing: walker@1.0.8 from lock file\nnpm error Missing: normalize-path@3.0.0 from lock file\nnpm error Missing: picomatch@2.3.1 from lock file\nnpm error Missing: bser@2.1.1 from lock file\nnpm error Missing: node-int64@0.4.0 from lock file\nnpm error Missing: jest-diff@30.2.0 from lock file\nnpm error Missing: @jest/diff-sequences@30.0.1 from lock file\nnpm error Missing: @types/stack-utils@2.0.3 from lock file\nnpm error Missing: jest-pnp-resolver@1.2.3 from lock file\nnpm error Missing: unrs-resolver@1.11.1 from lock file\nnpm error Missing: emittery@0.13.1 from lock file\nnpm error Missing: jest-leak-detector@30.2.0 from lock file\nnpm error Missing: source-map-support@0.5.13 from lock file\nnpm error Missing: @jest/globals@30.2.0 from lock file\nnpm error Missing: @jest/source-map@30.0.1 from lock file\nnpm error Missing: cjs-module-lexer@2.2.0 from lock file\nnpm error Missing: strip-bom@4.0.0 from lock file\nnpm error Missing: callsites@3.1.0 from lock file\nnpm error Missing: @babel/plugin-syntax-jsx@7.28.6 from lock file\nnpm error Missing: @babel/plugin-syntax-typescript@7.28.6 from lock file\nnpm error Missing: @jest/snapshot-utils@30.2.0 from lock file\nnpm error Missing: synckit@0.11.12 from lock file\nnpm error Missing: natural-compare@1.4.0 from lock file\nnpm error Missing: picomatch@4.0.3 from lock file\nnpm error Missing: camelcase@6.3.0 from lock file\nnpm error Missing: leven@3.1.0 from lock file\nnpm error Missing: @ungap/structured-clone@1.3.0 from lock file\nnpm error Missing: supports-color@8.1.1 from lock file\nnpm error Missing: argparse@1.0.10 from lock file\nnpm error Missing: esprima@4.0.1 from lock file\nnpm error Missing: sprintf-js@1.0.3 from lock file\nnpm error Missing: p-locate@4.1.0 from lock file\nnpm error Missing: braces@3.0.3 from lock file\nnpm error Missing: fill-range@7.1.1 from lock file\nnpm error Missing: to-regex-range@5.0.1 from lock file\nnpm error Missing: brace-expansion@2.0.2 from lock file\nnpm error Missing: balanced-match@1.0.2 from lock file\nnpm error Missing: mimic-fn@2.1.0 from lock file\nnpm error Missing: p-limit@2.3.0 from lock file\nnpm error Missing: error-ex@1.3.4 from lock file\nnpm error Missing: json-parse-even-better-errors@2.3.1 from lock file\nnpm error Missing: lines-and-columns@1.2.4 from lock file\nnpm error Missing: is-arrayish@0.2.1 from lock file\nnpm error Missing: lru-cache@10.4.3 from lock file\nnpm error Missing: ansi-styles@5.2.0 from lock file\nnpm error Missing: react-is@18.3.1 from lock file\nnpm error Missing: shebang-regex@3.0.0 from lock file\nnpm error Missing: buffer-from@1.1.2 from lock file\nnpm error Missing: source-map@0.6.1 from lock file\nnpm error Missing: escape-string-regexp@2.0.0 from lock file\nnpm error Missing: char-regex@1.0.2 from lock file\nnpm error Missing: has-flag@4.0.0 from lock file\nnpm error Missing: @pkgr/core@0.2.9 from lock file\nnpm error Missing: glob@7.2.3 from lock file\nnpm error Missing: minimatch@3.1.2 from lock file\nnpm error Missing: is-number@7.0.0 from lock file\nnpm error Missing: @unrs/resolver-binding-android-arm-eabi@1.11.1 from lock file\nnpm error Missing: @unrs/resolver-binding-android-arm64@1.11.1 from lock file\nnpm error Missing: @unrs/resolver-binding-darwin-arm64@1.11.1 from lock file\nnpm error Missing: @unrs/resolver-binding-darwin-x64@1.11.1 from lock file\nnpm error Missing: @unrs/resolver-binding-freebsd-x64@1.11.1 from lock file\nnpm error Missing: @unrs/resolver-binding-linux-arm-gnueabihf@1.11.1 from lock file\nnpm error Missing: @unrs/resolver-binding-linux-arm-musleabihf@1.11.1 from lock file\nnpm error Missing: @unrs/resolver-binding-linux-arm64-gnu@1.11.1 from lock file\nnpm error Missing: @unrs/resolver-binding-linux-arm64-musl@1.11.1 from lock file\nnpm error Missing: @unrs/resolver-binding-linux-ppc64-gnu@1.11.1 from lock file\nnpm error Missing: @unrs/resolver-binding-linux-riscv64-gnu@1.11.1 from lock file\nnpm error Missing: @unrs/resolver-binding-linux-riscv64-musl@1.11.1 from lock file\nnpm error Missing: @unrs/resolver-binding-linux-s390x-gnu@1.11.1 from lock file\nnpm error Missing: @unrs/resolver-binding-linux-x64-gnu@1.11.1 from lock file\nnpm error Missing: @unrs/resolver-binding-linux-x64-musl@1.11.1 from lock file\nnpm error Missing: @unrs/resolver-binding-wasm32-wasi@1.11.1 from lock file\nnpm error Missing: @unrs/resolver-binding-win32-arm64-msvc@1.11.1 from lock file\nnpm error Missing: @unrs/resolver-binding-win32-ia32-msvc@1.11.1 from lock file\nnpm error Missing: @unrs/resolver-binding-win32-x64-msvc@1.11.1 from lock file\nnpm error Missing: napi-postinstall@0.3.4 from lock file\nnpm error Missing: @napi-rs/wasm-runtime@0.2.12 from lock file\nnpm error Missing: @emnapi/core@1.8.1 from lock file\nnpm error Missing: @emnapi/runtime@1.8.1 from lock file\nnpm error Missing: @tybys/wasm-util@0.10.1 from lock file\nnpm error Missing: @emnapi/wasi-threads@1.1.0 from lock file\nnpm error Missing: makeerror@1.0.12 from lock file\nnpm error Missing: tmpl@1.0.5 from lock file\nnpm error Missing: isexe@2.0.0 from lock file\nnpm error Missing: imurmurhash@0.1.4 from lock file\nnpm error Missing: ms@2.1.3 from lock file\nnpm error Missing: yallist@3.1.1 from lock file\nnpm error Missing: ms@2.1.3 from lock file\nnpm error Missing: eastasianwidth@0.2.0 from lock file\nnpm error Missing: emoji-regex@9.2.2 from lock file\nnpm error Missing: ansi-regex@6.2.2 from lock file\nnpm error Missing: ansi-styles@6.2.3 from lock file\nnpm error Missing: ms@2.1.3 from lock file\nnpm error Missing: p-try@2.2.0 from lock file\nnpm error Missing: fs.realpath@1.0.0 from lock file\nnpm error Missing: inflight@1.0.6 from lock file\nnpm error Missing: path-is-absolute@1.0.1 from lock file\nnpm error Missing: brace-expansion@1.1.12 from lock file\nnpm error Missing: concat-map@0.0.1 from lock file\nnpm error\nnpm error Clean install a project\nnpm error\nnpm error Usage:\nnpm error npm ci\nnpm error\nnpm error Options:\nnpm error [--install-strategy <hoisted|nested|shallow|linked>] [--legacy-bundling]\nnpm error [--global-style] [--omit <dev|optional|peer> [--omit <dev|optional|peer> ...]]\nnpm error [--include <prod|dev|optional|peer> [--include <prod|dev|optional|peer> ...]]\nnpm error [--strict-peer-deps] [--foreground-scripts] [--ignore-scripts] [--no-audit]\nnpm error [--no-bin-links] [--no-fund] [--dry-run]\nnpm error [-w|--workspace <workspace-name> [-w|--workspace <workspace-name> ...]]\nnpm error [-ws|--workspaces] [--include-workspace-root] [--install-links]\nnpm error\nnpm error aliases: clean-install, ic, install-clean, isntall-clean\nnpm error\nnpm error Run \"npm help ci\" for more info\nnpm error A complete log of this run can be found in: /www-data-home/.npm/_logs/2026-01-17T21_24_45_644Z-debug-0.log; Error ID: 7fa33aaa."}}
[debug] [2026-01-17T21:25:19.012Z] Got source token undefined for region us-central1
[debug] [2026-01-17T21:25:19.013Z] Checked if tokens are valid: true, expires at: 1768686904345
[debug] [2026-01-17T21:25:19.013Z] Checked if tokens are valid: true, expires at: 1768686904345
[debug] [2026-01-17T21:25:19.013Z] Checked if tokens are valid: true, expires at: 1768686904345
[debug] [2026-01-17T21:25:19.013Z] Checked if tokens are valid: true, expires at: 1768686904345
[debug] [2026-01-17T21:25:19.013Z] >>> [apiv2][query] POST https://cloudfunctions.googleapis.com/v1/projects/javid-cb995/locations/us-central1/functions [none]
[debug] [2026-01-17T21:25:19.013Z] >>> [apiv2][body] POST https://cloudfunctions.googleapis.com/v1/projects/javid-cb995/locations/us-central1/functions {"name":"projects/javid-cb995/locations/us-central1/functions/generateCloudinaryDeleteSignature","sourceUploadUrl":"https://storage.googleapis.com/uploads-989081397812.us-central1.cloudfunctions.appspot.com/fc241be5-8c70-463a-9d07-c582ac5a1230.zip?GoogleAccessId=service-545318849414@gcf-admin-robot.iam.gserviceaccount.com&Expires=1768686848&Signature=tEozQjZByZ3RxsQ6ugfD2J9B%2F8cJxL4FnStD2XlSUQeGXEMfmoHuAbq2ynUnUvOk8pmU%2BBXiXQqRJP9bkrvrr3pJxe0VzweXdRXQFHPEzjvset1wK4e4dfFqtEEH5UOWquprvUjwz0sKaUvUygReNvsOmXe8QzaCpr7fwoUUZ8CZ1FfZVxsOYIV9EnYHKbSniXJqzcYrC%2BG7CdK6LcMB2W0l0y16qfDVQki5CIpnZPsCItWzcop%2FmUUXM3S8IFbvtzKHRywC4un%2ByQhglXBfIkwZv4Vz1xnANF27G6OC0bumgdFG7veo15aLWyXLeDmNBm%2Fy%2FDAb5ICszocG4i18SQ%3D%3D","entryPoint":"generateCloudinaryDeleteSignature","runtime":"nodejs20","dockerRegistry":"ARTIFACT_REGISTRY","labels":{"deployment-tool":"cli-firebase","deployment-callable":"true","firebase-functions-hash":"623cdfe8af3df3dee68b255c04b6ba19cb854d39"},"httpsTrigger":{"securityLevel":"SECURE_ALWAYS"},"minInstances":null,"maxInstances":null,"ingressSettings":null,"environmentVariables":{"FIREBASE_CONFIG":"{\"projectId\":\"javid-cb995\",\"storageBucket\":\"javid-cb995.firebasestorage.app\"}","GCLOUD_PROJECT":"javid-cb995","EVENTARC_CLOUD_EVENT_SOURCE":"projects/javid-cb995/locations/us-central1/functions/generateCloudinaryDeleteSignature"},"serviceAccountEmail":null,"availableMemoryMb":null,"timeout":null,"vpcConnector":null,"vpcConnectorEgressSettings":null,"buildEnvironmentVariables":{"GOOGLE_NODE_RUN_SCRIPTS":""}}
[debug] [2026-01-17T21:25:19.015Z] >>> [apiv2][query] POST https://cloudfunctions.googleapis.com/v1/projects/javid-cb995/locations/us-central1/functions [none]
[debug] [2026-01-17T21:25:19.015Z] >>> [apiv2][body] POST https://cloudfunctions.googleapis.com/v1/projects/javid-cb995/locations/us-central1/functions {"name":"projects/javid-cb995/locations/us-central1/functions/sendMessageNotification","sourceUploadUrl":"https://storage.googleapis.com/uploads-989081397812.us-central1.cloudfunctions.appspot.com/fc241be5-8c70-463a-9d07-c582ac5a1230.zip?GoogleAccessId=service-545318849414@gcf-admin-robot.iam.gserviceaccount.com&Expires=1768686848&Signature=tEozQjZByZ3RxsQ6ugfD2J9B%2F8cJxL4FnStD2XlSUQeGXEMfmoHuAbq2ynUnUvOk8pmU%2BBXiXQqRJP9bkrvrr3pJxe0VzweXdRXQFHPEzjvset1wK4e4dfFqtEEH5UOWquprvUjwz0sKaUvUygReNvsOmXe8QzaCpr7fwoUUZ8CZ1FfZVxsOYIV9EnYHKbSniXJqzcYrC%2BG7CdK6LcMB2W0l0y16qfDVQki5CIpnZPsCItWzcop%2FmUUXM3S8IFbvtzKHRywC4un%2ByQhglXBfIkwZv4Vz1xnANF27G6OC0bumgdFG7veo15aLWyXLeDmNBm%2Fy%2FDAb5ICszocG4i18SQ%3D%3D","entryPoint":"sendMessageNotification","runtime":"nodejs20","dockerRegistry":"ARTIFACT_REGISTRY","labels":{"deployment-tool":"cli-firebase","firebase-functions-hash":"623cdfe8af3df3dee68b255c04b6ba19cb854d39"},"eventTrigger":{"eventType":"providers/cloud.firestore/eventTypes/document.update","resource":"projects/javid-cb995/databases/(default)/documents/conversations/{conversationId}"},"minInstances":null,"maxInstances":null,"ingressSettings":null,"environmentVariables":{"FIREBASE_CONFIG":"{\"projectId\":\"javid-cb995\",\"storageBucket\":\"javid-cb995.firebasestorage.app\"}","GCLOUD_PROJECT":"javid-cb995","EVENTARC_CLOUD_EVENT_SOURCE":"projects/javid-cb995/locations/us-central1/functions/sendMessageNotification"},"serviceAccountEmail":null,"availableMemoryMb":null,"timeout":null,"vpcConnector":null,"vpcConnectorEgressSettings":null,"buildEnvironmentVariables":{"GOOGLE_NODE_RUN_SCRIPTS":""}}
[error] Gen1 operation for function projects/javid-cb995/locations/us-central1/functions/generateCloudinarySignature failed: Build failed: npm error code EUSAGE
npm error
npm error `npm ci` can only install packages when your package.json and package-lock.json or npm-shrinkwrap.json are in sync. Please update your lock file with `npm install` before continuing.
npm error
npm error Missing: jest@30.2.0 from lock file
npm error Missing: @jest/core@30.2.0 from lock file
npm error Missing: @jest/types@30.2.0 from lock file
npm error Missing: import-local@3.2.0 from lock file
npm error Missing: jest-cli@30.2.0 from lock file
npm error Missing: @jest/console@30.2.0 from lock file
npm error Missing: @jest/pattern@30.0.1 from lock file
npm error Missing: @jest/reporters@30.2.0 from lock file
npm error Missing: @jest/test-result@30.2.0 from lock file
npm error Missing: @jest/transform@30.2.0 from lock file
npm error Missing: ansi-escapes@4.3.2 from lock file
npm error Missing: chalk@4.1.2 from lock file
npm error Missing: ci-info@4.3.1 from lock file
npm error Missing: exit-x@0.2.2 from lock file
npm error Missing: graceful-fs@4.2.11 from lock file
npm error Missing: jest-changed-files@30.2.0 from lock file
npm error Missing: jest-config@30.2.0 from lock file
npm error Missing: jest-haste-map@30.2.0 from lock file
npm error Missing: jest-message-util@30.2.0 from lock file
npm error Missing: jest-regex-util@30.0.1 from lock file
npm error Missing: jest-resolve@30.2.0 from lock file
npm error Missing: jest-resolve-dependencies@30.2.0 from lock file
npm error Missing: jest-runner@30.2.0 from lock file
npm error Missing: jest-runtime@30.2.0 from lock file
npm error Missing: jest-snapshot@30.2.0 from lock file
npm error Missing: jest-util@30.2.0 from lock file
npm error Missing: jest-validate@30.2.0 from lock file
npm error Missing: jest-watcher@30.2.0 from lock file
npm error Missing: micromatch@4.0.8 from lock file
npm error Missing: pretty-format@30.2.0 from lock file
npm error Missing: slash@3.0.0 from lock file
npm error Missing: @bcoe/v8-coverage@0.2.3 from lock file
npm error Missing: @jridgewell/trace-mapping@0.3.31 from lock file
npm error Missing: collect-v8-coverage@1.0.3 from lock file
npm error Missing: glob@10.5.0 from lock file
npm error Missing: istanbul-lib-coverage@3.2.2 from lock file
npm error Missing: istanbul-lib-instrument@6.0.3 from lock file
npm error Missing: istanbul-lib-report@3.0.1 from lock file
npm error Missing: istanbul-lib-source-maps@5.0.6 from lock file
npm error Missing: istanbul-reports@3.2.0 from lock file
npm error Missing: jest-worker@30.2.0 from lock file
npm error Missing: string-length@4.0.2 from lock file
npm error Missing: v8-to-istanbul@9.3.0 from lock file
npm error Missing: @types/istanbul-lib-coverage@2.0.6 from lock file
npm error Missing: @babel/core@7.28.6 from lock file
npm error Missing: babel-plugin-istanbul@7.0.1 from lock file
npm error Missing: convert-source-map@2.0.0 from lock file
npm error Missing: fast-json-stable-stringify@2.1.0 from lock file
npm error Missing: pirates@4.0.7 from lock file
npm error Missing: write-file-atomic@5.0.1 from lock file
npm error Missing: @babel/code-frame@7.28.6 from lock file
npm error Missing: @babel/generator@7.28.6 from lock file
npm error Missing: @babel/helper-compilation-targets@7.28.6 from lock file
npm error Missing: @babel/helper-module-transforms@7.28.6 from lock file
npm error Missing: @babel/helpers@7.28.6 from lock file
npm error Missing: @babel/parser@7.28.6 from lock file
npm error Missing: @babel/template@7.28.6 from lock file
npm error Missing: @babel/traverse@7.28.6 from lock file
npm error Missing: @babel/types@7.28.6 from lock file
npm error Missing: @jridgewell/remapping@2.3.5 from lock file
npm error Missing: debug@4.4.3 from lock file
npm error Missing: gensync@1.0.0-beta.2 from lock file
npm error Missing: json5@2.2.3 from lock file
npm error Missing: semver@6.3.1 from lock file
npm error Missing: @babel/helper-validator-identifier@7.28.5 from lock file
npm error Missing: js-tokens@4.0.0 from lock file
npm error Missing: picocolors@1.1.1 from lock file
npm error Missing: @jridgewell/gen-mapping@0.3.13 from lock file
npm error Missing: jsesc@3.1.0 from lock file
npm error Missing: @babel/compat-data@7.28.6 from lock file
npm error Missing: @babel/helper-validator-option@7.27.1 from lock file
npm error Missing: browserslist@4.28.1 from lock file
npm error Missing: lru-cache@5.1.1 from lock file
npm error Missing: semver@6.3.1 from lock file
npm error Missing: @babel/helper-module-imports@7.28.6 from lock file
npm error Missing: @babel/helper-globals@7.28.0 from lock file
npm error Missing: debug@4.4.3 from lock file
npm error Missing: @babel/helper-string-parser@7.27.1 from lock file
npm error Missing: @jest/schemas@30.0.5 from lock file
npm error Missing: @types/istanbul-reports@3.0.4 from lock file
npm error Missing: @types/yargs@17.0.35 from lock file
npm error Missing: @sinclair/typebox@0.34.47 from lock file
npm error Missing: @jridgewell/sourcemap-codec@1.5.5 from lock file
npm error Missing: @jridgewell/resolve-uri@3.1.2 from lock file
npm error Missing: @types/istanbul-lib-report@3.0.3 from lock file
npm error Missing: @types/yargs-parser@21.0.3 from lock file
npm error Missing: type-fest@0.21.3 from lock file
npm error Missing: @babel/helper-plugin-utils@7.28.6 from lock file
npm error Missing: @istanbuljs/load-nyc-config@1.1.0 from lock file
npm error Missing: @istanbuljs/schema@0.1.3 from lock file
npm error Missing: test-exclude@6.0.0 from lock file
npm error Missing: camelcase@5.3.1 from lock file
npm error Missing: find-up@4.1.0 from lock file
npm error Missing: get-package-type@0.1.0 from lock file
npm error Missing: js-yaml@3.14.2 from lock file
npm error Missing: resolve-from@5.0.0 from lock file
npm error Missing: baseline-browser-mapping@2.9.15 from lock file
npm error Missing: caniuse-lite@1.0.30001764 from lock file
npm error Missing: electron-to-chromium@1.5.267 from lock file
npm error Missing: node-releases@2.0.27 from lock file
npm error Missing: update-browserslist-db@1.2.3 from lock file
npm error Missing: supports-color@7.2.0 from lock file
npm error Missing: locate-path@5.0.0 from lock file
npm error Missing: path-exists@4.0.0 from lock file
npm error Missing: foreground-child@3.3.1 from lock file
npm error Missing: jackspeak@3.4.3 from lock file
npm error Missing: minimatch@9.0.5 from lock file
npm error Missing: minipass@7.1.2 from lock file
npm error Missing: package-json-from-dist@1.0.1 from lock file
npm error Missing: path-scurry@1.11.1 from lock file
npm error Missing: cross-spawn@7.0.6 from lock file
npm error Missing: signal-exit@4.1.0 from lock file
npm error Missing: path-key@3.1.1 from lock file
npm error Missing: shebang-command@2.0.0 from lock file
npm error Missing: which@2.0.2 from lock file
npm error Missing: pkg-dir@4.2.0 from lock file
npm error Missing: resolve-cwd@3.0.0 from lock file
npm error Missing: make-dir@4.0.0 from lock file
npm error Missing: debug@4.4.3 from lock file
npm error Missing: html-escaper@2.0.2 from lock file
npm error Missing: @isaacs/cliui@8.0.2 from lock file
npm error Missing: @pkgjs/parseargs@0.11.0 from lock file
npm error Missing: string-width@5.1.2 from lock file
npm error Missing: string-width-cjs@4.2.3 from lock file
npm error Missing: strip-ansi@7.1.2 from lock file
npm error Missing: strip-ansi-cjs@6.0.1 from lock file
npm error Missing: wrap-ansi@8.1.0 from lock file
npm error Missing: wrap-ansi-cjs@7.0.0 from lock file
npm error Missing: execa@5.1.1 from lock file
npm error Missing: get-stream@6.0.1 from lock file
npm error Missing: human-signals@2.1.0 from lock file
npm error Missing: merge-stream@2.0.0 from lock file
npm error Missing: npm-run-path@4.0.1 from lock file
npm error Missing: onetime@5.1.2 from lock file
npm error Missing: signal-exit@3.0.7 from lock file
npm error Missing: strip-final-newline@2.0.0 from lock file
npm error Missing: @jest/get-type@30.1.0 from lock file
npm error Missing: @jest/test-sequencer@30.2.0 from lock file
npm error Missing: babel-jest@30.2.0 from lock file
npm error Missing: deepmerge@4.3.1 from lock file
npm error Missing: jest-circus@30.2.0 from lock file
npm error Missing: jest-docblock@30.2.0 from lock file
npm error Missing: jest-environment-node@30.2.0 from lock file
npm error Missing: parse-json@5.2.0 from lock file
npm error Missing: strip-json-comments@3.1.1 from lock file
npm error Missing: @types/babel__core@7.20.5 from lock file
npm error Missing: babel-preset-jest@30.2.0 from lock file
npm error Missing: @types/babel__generator@7.27.0 from lock file
npm error Missing: @types/babel__template@7.4.4 from lock file
npm error Missing: @types/babel__traverse@7.28.0 from lock file
npm error Missing: babel-plugin-jest-hoist@30.2.0 from lock file
npm error Missing: babel-preset-current-node-syntax@1.2.0 from lock file
npm error Missing: @babel/plugin-syntax-async-generators@7.8.4 from lock file
npm error Missing: @babel/plugin-syntax-bigint@7.8.3 from lock file
npm error Missing: @babel/plugin-syntax-class-properties@7.12.13 from lock file
npm error Missing: @babel/plugin-syntax-class-static-block@7.14.5 from lock file
npm error Missing: @babel/plugin-syntax-import-attributes@7.28.6 from lock file
npm error Missing: @babel/plugin-syntax-import-meta@7.10.4 from lock file
npm error Missing: @babel/plugin-syntax-json-strings@7.8.3 from lock file
npm error Missing: @babel/plugin-syntax-logical-assignment-operators@7.10.4 from lock file
npm error Missing: @babel/plugin-syntax-nullish-coalescing-operator@7.8.3 from lock file
npm error Missing: @babel/plugin-syntax-numeric-separator@7.10.4 from lock file
npm error Missing: @babel/plugin-syntax-object-rest-spread@7.8.3 from lock file
npm error Missing: @babel/plugin-syntax-optional-catch-binding@7.8.3 from lock file
npm error Missing: @babel/plugin-syntax-optional-chaining@7.8.3 from lock file
npm error Missing: @babel/plugin-syntax-private-property-in-object@7.14.5 from lock file
npm error Missing: @babel/plugin-syntax-top-level-await@7.14.5 from lock file
npm error Missing: @jest/environment@30.2.0 from lock file
npm error Missing: @jest/expect@30.2.0 from lock file
npm error Missing: co@4.6.0 from lock file
npm error Missing: dedent@1.7.1 from lock file
npm error Missing: is-generator-fn@2.1.0 from lock file
npm error Missing: jest-each@30.2.0 from lock file
npm error Missing: jest-matcher-utils@30.2.0 from lock file
npm error Missing: pure-rand@7.0.1 from lock file
npm error Missing: stack-utils@2.0.6 from lock file
npm error Missing: @jest/fake-timers@30.2.0 from lock file
npm error Missing: jest-mock@30.2.0 from lock file
npm error Missing: expect@30.2.0 from lock file
npm error Missing: @sinonjs/fake-timers@13.0.5 from lock file
npm error Missing: @sinonjs/commons@3.0.1 from lock file
npm error Missing: type-detect@4.0.8 from lock file
npm error Missing: @jest/expect-utils@30.2.0 from lock file
npm error Missing: detect-newline@3.1.0 from lock file
npm error Missing: anymatch@3.1.3 from lock file
npm error Missing: fb-watchman@2.0.2 from lock file
npm error Missing: fsevents@2.3.3 from lock file
npm error Missing: walker@1.0.8 from lock file
npm error Missing: normalize-path@3.0.0 from lock file
npm error Missing: picomatch@2.3.1 from lock file
npm error Missing: bser@2.1.1 from lock file
npm error Missing: node-int64@0.4.0 from lock file
npm error Missing: jest-diff@30.2.0 from lock file
npm error Missing: @jest/diff-sequences@30.0.1 from lock file
npm error Missing: @types/stack-utils@2.0.3 from lock file
npm error Missing: jest-pnp-resolver@1.2.3 from lock file
npm error Missing: unrs-resolver@1.11.1 from lock file
npm error Missing: emittery@0.13.1 from lock file
npm error Missing: jest-leak-detector@30.2.0 from lock file
npm error Missing: source-map-support@0.5.13 from lock file
npm error Missing: @jest/globals@30.2.0 from lock file
npm error Missing: @jest/source-map@30.0.1 from lock file
npm error Missing: cjs-module-lexer@2.2.0 from lock file
npm error Missing: strip-bom@4.0.0 from lock file
npm error Missing: callsites@3.1.0 from lock file
npm error Missing: @babel/plugin-syntax-jsx@7.28.6 from lock file
npm error Missing: @babel/plugin-syntax-typescript@7.28.6 from lock file
npm error Missing: @jest/snapshot-utils@30.2.0 from lock file
npm error Missing: synckit@0.11.12 from lock file
npm error Missing: natural-compare@1.4.0 from lock file
npm error Missing: picomatch@4.0.3 from lock file
npm error Missing: camelcase@6.3.0 from lock file
npm error Missing: leven@3.1.0 from lock file
npm error Missing: @ungap/structured-clone@1.3.0 from lock file
npm error Missing: supports-color@8.1.1 from lock file
npm error Missing: argparse@1.0.10 from lock file
npm error Missing: esprima@4.0.1 from lock file
npm error Missing: sprintf-js@1.0.3 from lock file
npm error Missing: p-locate@4.1.0 from lock file
npm error Missing: braces@3.0.3 from lock file
npm error Missing: fill-range@7.1.1 from lock file
npm error Missing: to-regex-range@5.0.1 from lock file
npm error Missing: brace-expansion@2.0.2 from lock file
npm error Missing: balanced-match@1.0.2 from lock file
npm error Missing: mimic-fn@2.1.0 from lock file
npm error Missing: p-limit@2.3.0 from lock file
npm error Missing: error-ex@1.3.4 from lock file
npm error Missing: json-parse-even-better-errors@2.3.1 from lock file
npm error Missing: lines-and-columns@1.2.4 from lock file
npm error Missing: is-arrayish@0.2.1 from lock file
npm error Missing: lru-cache@10.4.3 from lock file
npm error Missing: ansi-styles@5.2.0 from lock file
npm error Missing: react-is@18.3.1 from lock file
npm error Missing: shebang-regex@3.0.0 from lock file
npm error Missing: buffer-from@1.1.2 from lock file
npm error Missing: source-map@0.6.1 from lock file
npm error Missing: escape-string-regexp@2.0.0 from lock file
npm error Missing: char-regex@1.0.2 from lock file
npm error Missing: has-flag@4.0.0 from lock file
npm error Missing: @pkgr/core@0.2.9 from lock file
npm error Missing: glob@7.2.3 from lock file
npm error Missing: minimatch@3.1.2 from lock file
npm error Missing: is-number@7.0.0 from lock file
npm error Missing: @unrs/resolver-binding-android-arm-eabi@1.11.1 from lock file
npm error Missing: @unrs/resolver-binding-android-arm64@1.11.1 from lock file
npm error Missing: @unrs/resolver-binding-darwin-arm64@1.11.1 from lock file
npm error Missing: @unrs/resolver-binding-darwin-x64@1.11.1 from lock file
npm error Missing: @unrs/resolver-binding-freebsd-x64@1.11.1 from lock file
npm error Missing: @unrs/resolver-binding-linux-arm-gnueabihf@1.11.1 from lock file
npm error Missing: @unrs/resolver-binding-linux-arm-musleabihf@1.11.1 from lock file
npm error Missing: @unrs/resolver-binding-linux-arm64-gnu@1.11.1 from lock file
npm error Missing: @unrs/resolver-binding-linux-arm64-musl@1.11.1 from lock file
npm error Missing: @unrs/resolver-binding-linux-ppc64-gnu@1.11.1 from lock file
npm error Missing: @unrs/resolver-binding-linux-riscv64-gnu@1.11.1 from lock file
npm error Missing: @unrs/resolver-binding-linux-riscv64-musl@1.11.1 from lock file
npm error Missing: @unrs/resolver-binding-linux-s390x-gnu@1.11.1 from lock file
npm error Missing: @unrs/resolver-binding-linux-x64-gnu@1.11.1 from lock file
npm error Missing: @unrs/resolver-binding-linux-x64-musl@1.11.1 from lock file
npm error Missing: @unrs/resolver-binding-wasm32-wasi@1.11.1 from lock file
npm error Missing: @unrs/resolver-binding-win32-arm64-msvc@1.11.1 from lock file
npm error Missing: @unrs/resolver-binding-win32-ia32-msvc@1.11.1 from lock file
npm error Missing: @unrs/resolver-binding-win32-x64-msvc@1.11.1 from lock file
npm error Missing: napi-postinstall@0.3.4 from lock file
npm error Missing: @napi-rs/wasm-runtime@0.2.12 from lock file
npm error Missing: @emnapi/core@1.8.1 from lock file
npm error Missing: @emnapi/runtime@1.8.1 from lock file
npm error Missing: @tybys/wasm-util@0.10.1 from lock file
npm error Missing: @emnapi/wasi-threads@1.1.0 from lock file
npm error Missing: makeerror@1.0.12 from lock file
npm error Missing: tmpl@1.0.5 from lock file
npm error Missing: isexe@2.0.0 from lock file
npm error Missing: imurmurhash@0.1.4 from lock file
npm error Missing: ms@2.1.3 from lock file
npm error Missing: yallist@3.1.1 from lock file
npm error Missing: ms@2.1.3 from lock file
npm error Missing: eastasianwidth@0.2.0 from lock file
npm error Missing: emoji-regex@9.2.2 from lock file
npm error Missing: ansi-regex@6.2.2 from lock file
npm error Missing: ansi-styles@6.2.3 from lock file
npm error Missing: ms@2.1.3 from lock file
npm error Missing: p-try@2.2.0 from lock file
npm error Missing: fs.realpath@1.0.0 from lock file
npm error Missing: inflight@1.0.6 from lock file
npm error Missing: path-is-absolute@1.0.1 from lock file
npm error Missing: brace-expansion@1.1.12 from lock file
npm error Missing: concat-map@0.0.1 from lock file
npm error
npm error Clean install a project
npm error
npm error Usage:
npm error npm ci
npm error
npm error Options:
npm error [--install-strategy <hoisted|nested|shallow|linked>] [--legacy-bundling]
npm error [--global-style] [--omit <dev|optional|peer> [--omit <dev|optional|peer> ...]]
npm error [--include <prod|dev|optional|peer> [--include <prod|dev|optional|peer> ...]]
npm error [--strict-peer-deps] [--foreground-scripts] [--ignore-scripts] [--no-audit]
npm error [--no-bin-links] [--no-fund] [--dry-run]
npm error [-w|--workspace <workspace-name> [-w|--workspace <workspace-name> ...]]
npm error [-ws|--workspaces] [--include-workspace-root] [--install-links]
npm error
npm error aliases: clean-install, ic, install-clean, isntall-clean
npm error
npm error Run "npm help ci" for more info
npm error A complete log of this run can be found in: /www-data-home/.npm/_logs/2026-01-17T21_24_45_644Z-debug-0.log; Error ID: 7fa33aaa.
[debug] [2026-01-17T21:25:19.675Z] <<< [apiv2][status] POST https://cloudfunctions.googleapis.com/v1/projects/javid-cb995/locations/us-central1/functions 200
[debug] [2026-01-17T21:25:19.675Z] <<< [apiv2][body] POST https://cloudfunctions.googleapis.com/v1/projects/javid-cb995/locations/us-central1/functions {"name":"operations/cHJvamVjdHMvamF2aWQtY2I5OTUvbG9jYXRpb25zL3VzLWNlbnRyYWwxL29wZXJhdGlvbnMvb3BlcmF0aW9uLTE3Njg2ODUxMTkxNzktNjQ4OWMxODNmOGM2YS1mMWVkMDI4Ny03Njk4OGY1MA","metadata":{"@type":"type.googleapis.com/google.cloud.functions.v1.OperationMetadataV1","target":"projects/javid-cb995/locations/us-central1/functions/generateCloudinaryDeleteSignature","updateTime":"2026-01-17T21:25:19.537159918Z"}}
[debug] [2026-01-17T21:25:19.676Z] Checked if tokens are valid: true, expires at: 1768686904345
[debug] [2026-01-17T21:25:19.676Z] Checked if tokens are valid: true, expires at: 1768686904345
[debug] [2026-01-17T21:25:19.676Z] >>> [apiv2][query] GET https://cloudfunctions.googleapis.com/v1/operations/cHJvamVjdHMvamF2aWQtY2I5OTUvbG9jYXRpb25zL3VzLWNlbnRyYWwxL29wZXJhdGlvbnMvb3BlcmF0aW9uLTE3Njg2ODUxMTkxNzktNjQ4OWMxODNmOGM2YS1mMWVkMDI4Ny03Njk4OGY1MA [none]
[debug] [2026-01-17T21:25:19.679Z] <<< [apiv2][status] POST https://cloudfunctions.googleapis.com/v1/projects/javid-cb995/locations/us-central1/functions 200
[debug] [2026-01-17T21:25:19.680Z] <<< [apiv2][body] POST https://cloudfunctions.googleapis.com/v1/projects/javid-cb995/locations/us-central1/functions {"name":"operations/cHJvamVjdHMvamF2aWQtY2I5OTUvbG9jYXRpb25zL3VzLWNlbnRyYWwxL29wZXJhdGlvbnMvb3BlcmF0aW9uLTE3Njg2ODUxMTkyMTktNjQ4OWMxODQwMjgyYy0yMzU4MWE1NS1iNWFjZmM0Mg","metadata":{"@type":"type.googleapis.com/google.cloud.functions.v1.OperationMetadataV1","target":"projects/javid-cb995/locations/us-central1/functions/sendMessageNotification","updateTime":"2026-01-17T21:25:19.559306232Z"}}
[debug] [2026-01-17T21:25:19.680Z] Checked if tokens are valid: true, expires at: 1768686904345
[debug] [2026-01-17T21:25:19.680Z] Checked if tokens are valid: true, expires at: 1768686904345
[debug] [2026-01-17T21:25:19.680Z] >>> [apiv2][query] GET https://cloudfunctions.googleapis.com/v1/operations/cHJvamVjdHMvamF2aWQtY2I5OTUvbG9jYXRpb25zL3VzLWNlbnRyYWwxL29wZXJhdGlvbnMvb3BlcmF0aW9uLTE3Njg2ODUxMTkyMTktNjQ4OWMxODQwMjgyYy0yMzU4MWE1NS1iNWFjZmM0Mg [none]
[debug] [2026-01-17T21:25:19.833Z] <<< [apiv2][status] GET https://cloudfunctions.googleapis.com/v1/operations/cHJvamVjdHMvamF2aWQtY2I5OTUvbG9jYXRpb25zL3VzLWNlbnRyYWwxL29wZXJhdGlvbnMvb3BlcmF0aW9uLTE3Njg2ODUxMTkxNzktNjQ4OWMxODNmOGM2YS1mMWVkMDI4Ny03Njk4OGY1MA 200
[debug] [2026-01-17T21:25:19.834Z] <<< [apiv2][body] GET https://cloudfunctions.googleapis.com/v1/operations/cHJvamVjdHMvamF2aWQtY2I5OTUvbG9jYXRpb25zL3VzLWNlbnRyYWwxL29wZXJhdGlvbnMvb3BlcmF0aW9uLTE3Njg2ODUxMTkxNzktNjQ4OWMxODNmOGM2YS1mMWVkMDI4Ny03Njk4OGY1MA {"name":"operations/cHJvamVjdHMvamF2aWQtY2I5OTUvbG9jYXRpb25zL3VzLWNlbnRyYWwxL29wZXJhdGlvbnMvb3BlcmF0aW9uLTE3Njg2ODUxMTkxNzktNjQ4OWMxODNmOGM2YS1mMWVkMDI4Ny03Njk4OGY1MA","metadata":{"@type":"type.googleapis.com/google.cloud.functions.v1.OperationMetadataV1","target":"projects/javid-cb995/locations/us-central1/functions/generateCloudinaryDeleteSignature","updateTime":"2026-01-17T21:25:19.537159918Z"}}
[debug] [2026-01-17T21:25:19.898Z] <<< [apiv2][status] GET https://cloudfunctions.googleapis.com/v1/operations/cHJvamVjdHMvamF2aWQtY2I5OTUvbG9jYXRpb25zL3VzLWNlbnRyYWwxL29wZXJhdGlvbnMvb3BlcmF0aW9uLTE3Njg2ODUxMTkyMTktNjQ4OWMxODQwMjgyYy0yMzU4MWE1NS1iNWFjZmM0Mg 200
[debug] [2026-01-17T21:25:19.898Z] <<< [apiv2][body] GET https://cloudfunctions.googleapis.com/v1/operations/cHJvamVjdHMvamF2aWQtY2I5OTUvbG9jYXRpb25zL3VzLWNlbnRyYWwxL29wZXJhdGlvbnMvb3BlcmF0aW9uLTE3Njg2ODUxMTkyMTktNjQ4OWMxODQwMjgyYy0yMzU4MWE1NS1iNWFjZmM0Mg {"name":"operations/cHJvamVjdHMvamF2aWQtY2I5OTUvbG9jYXRpb25zL3VzLWNlbnRyYWwxL29wZXJhdGlvbnMvb3BlcmF0aW9uLTE3Njg2ODUxMTkyMTktNjQ4OWMxODQwMjgyYy0yMzU4MWE1NS1iNWFjZmM0Mg","metadata":{"@type":"type.googleapis.com/google.cloud.functions.v1.OperationMetadataV1","target":"projects/javid-cb995/locations/us-central1/functions/sendMessageNotification","updateTime":"2026-01-17T21:25:19.559306232Z"}}
[debug] [2026-01-17T21:25:20.335Z] [create-default-us-central1-generateCloudinaryDeleteSignature] Retrying task index 0
[debug] [2026-01-17T21:25:20.336Z] Checked if tokens are valid: true, expires at: 1768686904345
[debug] [2026-01-17T21:25:20.337Z] Checked if tokens are valid: true, expires at: 1768686904345
[debug] [2026-01-17T21:25:20.337Z] >>> [apiv2][query] GET https://cloudfunctions.googleapis.com/v1/operations/cHJvamVjdHMvamF2aWQtY2I5OTUvbG9jYXRpb25zL3VzLWNlbnRyYWwxL29wZXJhdGlvbnMvb3BlcmF0aW9uLTE3Njg2ODUxMTkxNzktNjQ4OWMxODNmOGM2YS1mMWVkMDI4Ny03Njk4OGY1MA [none]
[debug] [2026-01-17T21:25:20.400Z] [create-default-us-central1-sendMessageNotification] Retrying task index 0
[debug] [2026-01-17T21:25:20.401Z] Checked if tokens are valid: true, expires at: 1768686904345
[debug] [2026-01-17T21:25:20.401Z] Checked if tokens are valid: true, expires at: 1768686904345
[debug] [2026-01-17T21:25:20.401Z] >>> [apiv2][query] GET https://cloudfunctions.googleapis.com/v1/operations/cHJvamVjdHMvamF2aWQtY2I5OTUvbG9jYXRpb25zL3VzLWNlbnRyYWwxL29wZXJhdGlvbnMvb3BlcmF0aW9uLTE3Njg2ODUxMTkyMTktNjQ4OWMxODQwMjgyYy0yMzU4MWE1NS1iNWFjZmM0Mg [none]
[debug] [2026-01-17T21:25:20.544Z] <<< [apiv2][status] GET https://cloudfunctions.googleapis.com/v1/operations/cHJvamVjdHMvamF2aWQtY2I5OTUvbG9jYXRpb25zL3VzLWNlbnRyYWwxL29wZXJhdGlvbnMvb3BlcmF0aW9uLTE3Njg2ODUxMTkxNzktNjQ4OWMxODNmOGM2YS1mMWVkMDI4Ny03Njk4OGY1MA 200
[debug] [2026-01-17T21:25:20.545Z] <<< [apiv2][body] GET https://cloudfunctions.googleapis.com/v1/operations/cHJvamVjdHMvamF2aWQtY2I5OTUvbG9jYXRpb25zL3VzLWNlbnRyYWwxL29wZXJhdGlvbnMvb3BlcmF0aW9uLTE3Njg2ODUxMTkxNzktNjQ4OWMxODNmOGM2YS1mMWVkMDI4Ny03Njk4OGY1MA {"name":"operations/cHJvamVjdHMvamF2aWQtY2I5OTUvbG9jYXRpb25zL3VzLWNlbnRyYWwxL29wZXJhdGlvbnMvb3BlcmF0aW9uLTE3Njg2ODUxMTkxNzktNjQ4OWMxODNmOGM2YS1mMWVkMDI4Ny03Njk4OGY1MA","metadata":{"@type":"type.googleapis.com/google.cloud.functions.v1.OperationMetadataV1","target":"projects/javid-cb995/locations/us-central1/functions/generateCloudinaryDeleteSignature","type":"CREATE_FUNCTION","request":{"@type":"type.googleapis.com/google.cloud.functions.v1.CloudFunction","name":"projects/javid-cb995/locations/us-central1/functions/generateCloudinaryDeleteSignature","httpsTrigger":{"securityLevel":"SECURE_ALWAYS"},"entryPoint":"generateCloudinaryDeleteSignature","updateTime":"1970-01-01T00:00:00Z","labels":{"deployment-tool":"cli-firebase","deployment-callable":"true","firebase-functions-hash":"623cdfe8af3df3dee68b255c04b6ba19cb854d39"},"sourceUploadUrl":"https://storage.googleapis.com/uploads-989081397812.us-central1.cloudfunctions.appspot.com/fc241be5-8c70-463a-9d07-c582ac5a1230.zip?GoogleAccessId=service-545318849414@gcf-admin-robot.iam.gserviceaccount.com&Expires=1768686848&Signature=tEozQjZByZ3RxsQ6ugfD2J9B%2F8cJxL4FnStD2XlSUQeGXEMfmoHuAbq2ynUnUvOk8pmU%2BBXiXQqRJP9bkrvrr3pJxe0VzweXdRXQFHPEzjvset1wK4e4dfFqtEEH5UOWquprvUjwz0sKaUvUygReNvsOmXe8QzaCpr7fwoUUZ8CZ1FfZVxsOYIV9EnYHKbSniXJqzcYrC%2BG7CdK6LcMB2W0l0y16qfDVQki5CIpnZPsCItWzcop%2FmUUXM3S8IFbvtzKHRywC4un%2ByQhglXBfIkwZv4Vz1xnANF27G6OC0bumgdFG7veo15aLWyXLeDmNBm%2Fy%2FDAb5ICszocG4i18SQ%3D%3D","environmentVariables":{"FIREBASE_CONFIG":"{\"projectId\":\"javid-cb995\",\"storageBucket\":\"javid-cb995.firebasestorage.app\"}","GCLOUD_PROJECT":"javid-cb995","EVENTARC_CLOUD_EVENT_SOURCE":"projects/javid-cb995/locations/us-central1/functions/generateCloudinaryDeleteSignature"},"runtime":"nodejs20","buildEnvironmentVariables":{"GOOGLE_NODE_RUN_SCRIPTS":""},"dockerRegistry":"ARTIFACT_REGISTRY"},"versionId":"1","updateTime":"2026-01-17T21:25:19.537159918Z"}}
[debug] [2026-01-17T21:25:20.607Z] <<< [apiv2][status] GET https://cloudfunctions.googleapis.com/v1/operations/cHJvamVjdHMvamF2aWQtY2I5OTUvbG9jYXRpb25zL3VzLWNlbnRyYWwxL29wZXJhdGlvbnMvb3BlcmF0aW9uLTE3Njg2ODUxMTkyMTktNjQ4OWMxODQwMjgyYy0yMzU4MWE1NS1iNWFjZmM0Mg 200
[debug] [2026-01-17T21:25:20.608Z] <<< [apiv2][body] GET https://cloudfunctions.googleapis.com/v1/operations/cHJvamVjdHMvamF2aWQtY2I5OTUvbG9jYXRpb25zL3VzLWNlbnRyYWwxL29wZXJhdGlvbnMvb3BlcmF0aW9uLTE3Njg2ODUxMTkyMTktNjQ4OWMxODQwMjgyYy0yMzU4MWE1NS1iNWFjZmM0Mg {"name":"operations/cHJvamVjdHMvamF2aWQtY2I5OTUvbG9jYXRpb25zL3VzLWNlbnRyYWwxL29wZXJhdGlvbnMvb3BlcmF0aW9uLTE3Njg2ODUxMTkyMTktNjQ4OWMxODQwMjgyYy0yMzU4MWE1NS1iNWFjZmM0Mg","metadata":{"@type":"type.googleapis.com/google.cloud.functions.v1.OperationMetadataV1","target":"projects/javid-cb995/locations/us-central1/functions/sendMessageNotification","type":"CREATE_FUNCTION","request":{"@type":"type.googleapis.com/google.cloud.functions.v1.CloudFunction","name":"projects/javid-cb995/locations/us-central1/functions/sendMessageNotification","eventTrigger":{"eventType":"providers/cloud.firestore/eventTypes/document.update","resource":"projects/javid-cb995/databases/(default)/documents/conversations/{conversationId}","failurePolicy":{}},"entryPoint":"sendMessageNotification","updateTime":"1970-01-01T00:00:00Z","labels":{"deployment-tool":"cli-firebase","firebase-functions-hash":"623cdfe8af3df3dee68b255c04b6ba19cb854d39"},"sourceUploadUrl":"https://storage.googleapis.com/uploads-989081397812.us-central1.cloudfunctions.appspot.com/fc241be5-8c70-463a-9d07-c582ac5a1230.zip?GoogleAccessId=service-545318849414@gcf-admin-robot.iam.gserviceaccount.com&Expires=1768686848&Signature=tEozQjZByZ3RxsQ6ugfD2J9B%2F8cJxL4FnStD2XlSUQeGXEMfmoHuAbq2ynUnUvOk8pmU%2BBXiXQqRJP9bkrvrr3pJxe0VzweXdRXQFHPEzjvset1wK4e4dfFqtEEH5UOWquprvUjwz0sKaUvUygReNvsOmXe8QzaCpr7fwoUUZ8CZ1FfZVxsOYIV9EnYHKbSniXJqzcYrC%2BG7CdK6LcMB2W0l0y16qfDVQki5CIpnZPsCItWzcop%2FmUUXM3S8IFbvtzKHRywC4un%2ByQhglXBfIkwZv4Vz1xnANF27G6OC0bumgdFG7veo15aLWyXLeDmNBm%2Fy%2FDAb5ICszocG4i18SQ%3D%3D","environmentVariables":{"FIREBASE_CONFIG":"{\"projectId\":\"javid-cb995\",\"storageBucket\":\"javid-cb995.firebasestorage.app\"}","GCLOUD_PROJECT":"javid-cb995","EVENTARC_CLOUD_EVENT_SOURCE":"projects/javid-cb995/locations/us-central1/functions/sendMessageNotification"},"runtime":"nodejs20","buildEnvironmentVariables":{"GOOGLE_NODE_RUN_SCRIPTS":""},"dockerRegistry":"ARTIFACT_REGISTRY"},"versionId":"1","updateTime":"2026-01-17T21:25:19.559306232Z"}}
[debug] [2026-01-17T21:25:21.548Z] [create-default-us-central1-generateCloudinaryDeleteSignature] Retrying task index 0
[debug] [2026-01-17T21:25:21.549Z] Checked if tokens are valid: true, expires at: 1768686904345
[debug] [2026-01-17T21:25:21.549Z] Checked if tokens are valid: true, expires at: 1768686904345
[debug] [2026-01-17T21:25:21.550Z] >>> [apiv2][query] GET https://cloudfunctions.googleapis.com/v1/operations/cHJvamVjdHMvamF2aWQtY2I5OTUvbG9jYXRpb25zL3VzLWNlbnRyYWwxL29wZXJhdGlvbnMvb3BlcmF0aW9uLTE3Njg2ODUxMTkxNzktNjQ4OWMxODNmOGM2YS1mMWVkMDI4Ny03Njk4OGY1MA [none]
[debug] [2026-01-17T21:25:21.610Z] [create-default-us-central1-sendMessageNotification] Retrying task index 0
[debug] [2026-01-17T21:25:21.611Z] Checked if tokens are valid: true, expires at: 1768686904345
[debug] [2026-01-17T21:25:21.611Z] Checked if tokens are valid: true, expires at: 1768686904345
[debug] [2026-01-17T21:25:21.611Z] >>> [apiv2][query] GET https://cloudfunctions.googleapis.com/v1/operations/cHJvamVjdHMvamF2aWQtY2I5OTUvbG9jYXRpb25zL3VzLWNlbnRyYWwxL29wZXJhdGlvbnMvb3BlcmF0aW9uLTE3Njg2ODUxMTkyMTktNjQ4OWMxODQwMjgyYy0yMzU4MWE1NS1iNWFjZmM0Mg [none]
[debug] [2026-01-17T21:25:21.736Z] <<< [apiv2][status] GET https://cloudfunctions.googleapis.com/v1/operations/cHJvamVjdHMvamF2aWQtY2I5OTUvbG9jYXRpb25zL3VzLWNlbnRyYWwxL29wZXJhdGlvbnMvb3BlcmF0aW9uLTE3Njg2ODUxMTkyMTktNjQ4OWMxODQwMjgyYy0yMzU4MWE1NS1iNWFjZmM0Mg 200
[debug] [2026-01-17T21:25:21.736Z] <<< [apiv2][body] GET https://cloudfunctions.googleapis.com/v1/operations/cHJvamVjdHMvamF2aWQtY2I5OTUvbG9jYXRpb25zL3VzLWNlbnRyYWwxL29wZXJhdGlvbnMvb3BlcmF0aW9uLTE3Njg2ODUxMTkyMTktNjQ4OWMxODQwMjgyYy0yMzU4MWE1NS1iNWFjZmM0Mg {"name":"operations/cHJvamVjdHMvamF2aWQtY2I5OTUvbG9jYXRpb25zL3VzLWNlbnRyYWwxL29wZXJhdGlvbnMvb3BlcmF0aW9uLTE3Njg2ODUxMTkyMTktNjQ4OWMxODQwMjgyYy0yMzU4MWE1NS1iNWFjZmM0Mg","metadata":{"@type":"type.googleapis.com/google.cloud.functions.v1.OperationMetadataV1","target":"projects/javid-cb995/locations/us-central1/functions/sendMessageNotification","type":"CREATE_FUNCTION","request":{"@type":"type.googleapis.com/google.cloud.functions.v1.CloudFunction","name":"projects/javid-cb995/locations/us-central1/functions/sendMessageNotification","eventTrigger":{"eventType":"providers/cloud.firestore/eventTypes/document.update","resource":"projects/javid-cb995/databases/(default)/documents/conversations/{conversationId}","failurePolicy":{}},"entryPoint":"sendMessageNotification","updateTime":"1970-01-01T00:00:00Z","labels":{"deployment-tool":"cli-firebase","firebase-functions-hash":"623cdfe8af3df3dee68b255c04b6ba19cb854d39"},"sourceUploadUrl":"https://storage.googleapis.com/uploads-989081397812.us-central1.cloudfunctions.appspot.com/fc241be5-8c70-463a-9d07-c582ac5a1230.zip?GoogleAccessId=service-545318849414@gcf-admin-robot.iam.gserviceaccount.com&Expires=1768686848&Signature=tEozQjZByZ3RxsQ6ugfD2J9B%2F8cJxL4FnStD2XlSUQeGXEMfmoHuAbq2ynUnUvOk8pmU%2BBXiXQqRJP9bkrvrr3pJxe0VzweXdRXQFHPEzjvset1wK4e4dfFqtEEH5UOWquprvUjwz0sKaUvUygReNvsOmXe8QzaCpr7fwoUUZ8CZ1FfZVxsOYIV9EnYHKbSniXJqzcYrC%2BG7CdK6LcMB2W0l0y16qfDVQki5CIpnZPsCItWzcop%2FmUUXM3S8IFbvtzKHRywC4un%2ByQhglXBfIkwZv4Vz1xnANF27G6OC0bumgdFG7veo15aLWyXLeDmNBm%2Fy%2FDAb5ICszocG4i18SQ%3D%3D","environmentVariables":{"FIREBASE_CONFIG":"{\"projectId\":\"javid-cb995\",\"storageBucket\":\"javid-cb995.firebasestorage.app\"}","GCLOUD_PROJECT":"javid-cb995","EVENTARC_CLOUD_EVENT_SOURCE":"projects/javid-cb995/locations/us-central1/functions/sendMessageNotification"},"runtime":"nodejs20","buildEnvironmentVariables":{"GOOGLE_NODE_RUN_SCRIPTS":""},"dockerRegistry":"ARTIFACT_REGISTRY"},"versionId":"1","updateTime":"2026-01-17T21:25:19.559306232Z"}}
[debug] [2026-01-17T21:25:21.741Z] <<< [apiv2][status] GET https://cloudfunctions.googleapis.com/v1/operations/cHJvamVjdHMvamF2aWQtY2I5OTUvbG9jYXRpb25zL3VzLWNlbnRyYWwxL29wZXJhdGlvbnMvb3BlcmF0aW9uLTE3Njg2ODUxMTkxNzktNjQ4OWMxODNmOGM2YS1mMWVkMDI4Ny03Njk4OGY1MA 200
[debug] [2026-01-17T21:25:21.741Z] <<< [apiv2][body] GET https://cloudfunctions.googleapis.com/v1/operations/cHJvamVjdHMvamF2aWQtY2I5OTUvbG9jYXRpb25zL3VzLWNlbnRyYWwxL29wZXJhdGlvbnMvb3BlcmF0aW9uLTE3Njg2ODUxMTkxNzktNjQ4OWMxODNmOGM2YS1mMWVkMDI4Ny03Njk4OGY1MA {"name":"operations/cHJvamVjdHMvamF2aWQtY2I5OTUvbG9jYXRpb25zL3VzLWNlbnRyYWwxL29wZXJhdGlvbnMvb3BlcmF0aW9uLTE3Njg2ODUxMTkxNzktNjQ4OWMxODNmOGM2YS1mMWVkMDI4Ny03Njk4OGY1MA","metadata":{"@type":"type.googleapis.com/google.cloud.functions.v1.OperationMetadataV1","target":"projects/javid-cb995/locations/us-central1/functions/generateCloudinaryDeleteSignature","type":"CREATE_FUNCTION","request":{"@type":"type.googleapis.com/google.cloud.functions.v1.CloudFunction","name":"projects/javid-cb995/locations/us-central1/functions/generateCloudinaryDeleteSignature","httpsTrigger":{"securityLevel":"SECURE_ALWAYS"},"entryPoint":"generateCloudinaryDeleteSignature","updateTime":"1970-01-01T00:00:00Z","labels":{"deployment-tool":"cli-firebase","deployment-callable":"true","firebase-functions-hash":"623cdfe8af3df3dee68b255c04b6ba19cb854d39"},"sourceUploadUrl":"https://storage.googleapis.com/uploads-989081397812.us-central1.cloudfunctions.appspot.com/fc241be5-8c70-463a-9d07-c582ac5a1230.zip?GoogleAccessId=service-545318849414@gcf-admin-robot.iam.gserviceaccount.com&Expires=1768686848&Signature=tEozQjZByZ3RxsQ6ugfD2J9B%2F8cJxL4FnStD2XlSUQeGXEMfmoHuAbq2ynUnUvOk8pmU%2BBXiXQqRJP9bkrvrr3pJxe0VzweXdRXQFHPEzjvset1wK4e4dfFqtEEH5UOWquprvUjwz0sKaUvUygReNvsOmXe8QzaCpr7fwoUUZ8CZ1FfZVxsOYIV9EnYHKbSniXJqzcYrC%2BG7CdK6LcMB2W0l0y16qfDVQki5CIpnZPsCItWzcop%2FmUUXM3S8IFbvtzKHRywC4un%2ByQhglXBfIkwZv4Vz1xnANF27G6OC0bumgdFG7veo15aLWyXLeDmNBm%2Fy%2FDAb5ICszocG4i18SQ%3D%3D","environmentVariables":{"FIREBASE_CONFIG":"{\"projectId\":\"javid-cb995\",\"storageBucket\":\"javid-cb995.firebasestorage.app\"}","GCLOUD_PROJECT":"javid-cb995","EVENTARC_CLOUD_EVENT_SOURCE":"projects/javid-cb995/locations/us-central1/functions/generateCloudinaryDeleteSignature"},"runtime":"nodejs20","buildEnvironmentVariables":{"GOOGLE_NODE_RUN_SCRIPTS":""},"dockerRegistry":"ARTIFACT_REGISTRY"},"versionId":"1","updateTime":"2026-01-17T21:25:19.537159918Z"}}
[debug] [2026-01-17T21:25:23.739Z] [create-default-us-central1-sendMessageNotification] Retrying task index 0
[debug] [2026-01-17T21:25:23.739Z] Checked if tokens are valid: true, expires at: 1768686904345
[debug] [2026-01-17T21:25:23.739Z] Checked if tokens are valid: true, expires at: 1768686904345
[debug] [2026-01-17T21:25:23.740Z] >>> [apiv2][query] GET https://cloudfunctions.googleapis.com/v1/operations/cHJvamVjdHMvamF2aWQtY2I5OTUvbG9jYXRpb25zL3VzLWNlbnRyYWwxL29wZXJhdGlvbnMvb3BlcmF0aW9uLTE3Njg2ODUxMTkyMTktNjQ4OWMxODQwMjgyYy0yMzU4MWE1NS1iNWFjZmM0Mg [none]
[debug] [2026-01-17T21:25:23.741Z] [create-default-us-central1-generateCloudinaryDeleteSignature] Retrying task index 0
[debug] [2026-01-17T21:25:23.741Z] Checked if tokens are valid: true, expires at: 1768686904345
[debug] [2026-01-17T21:25:23.741Z] Checked if tokens are valid: true, expires at: 1768686904345
[debug] [2026-01-17T21:25:23.742Z] >>> [apiv2][query] GET https://cloudfunctions.googleapis.com/v1/operations/cHJvamVjdHMvamF2aWQtY2I5OTUvbG9jYXRpb25zL3VzLWNlbnRyYWwxL29wZXJhdGlvbnMvb3BlcmF0aW9uLTE3Njg2ODUxMTkxNzktNjQ4OWMxODNmOGM2YS1mMWVkMDI4Ny03Njk4OGY1MA [none]
[debug] [2026-01-17T21:25:23.850Z] <<< [apiv2][status] GET https://cloudfunctions.googleapis.com/v1/operations/cHJvamVjdHMvamF2aWQtY2I5OTUvbG9jYXRpb25zL3VzLWNlbnRyYWwxL29wZXJhdGlvbnMvb3BlcmF0aW9uLTE3Njg2ODUxMTkxNzktNjQ4OWMxODNmOGM2YS1mMWVkMDI4Ny03Njk4OGY1MA 200
[debug] [2026-01-17T21:25:23.850Z] <<< [apiv2][body] GET https://cloudfunctions.googleapis.com/v1/operations/cHJvamVjdHMvamF2aWQtY2I5OTUvbG9jYXRpb25zL3VzLWNlbnRyYWwxL29wZXJhdGlvbnMvb3BlcmF0aW9uLTE3Njg2ODUxMTkxNzktNjQ4OWMxODNmOGM2YS1mMWVkMDI4Ny03Njk4OGY1MA {"name":"operations/cHJvamVjdHMvamF2aWQtY2I5OTUvbG9jYXRpb25zL3VzLWNlbnRyYWwxL29wZXJhdGlvbnMvb3BlcmF0aW9uLTE3Njg2ODUxMTkxNzktNjQ4OWMxODNmOGM2YS1mMWVkMDI4Ny03Njk4OGY1MA","metadata":{"@type":"type.googleapis.com/google.cloud.functions.v1.OperationMetadataV1","target":"projects/javid-cb995/locations/us-central1/functions/generateCloudinaryDeleteSignature","type":"CREATE_FUNCTION","request":{"@type":"type.googleapis.com/google.cloud.functions.v1.CloudFunction","name":"projects/javid-cb995/locations/us-central1/functions/generateCloudinaryDeleteSignature","httpsTrigger":{"securityLevel":"SECURE_ALWAYS"},"entryPoint":"generateCloudinaryDeleteSignature","updateTime":"1970-01-01T00:00:00Z","labels":{"deployment-tool":"cli-firebase","deployment-callable":"true","firebase-functions-hash":"623cdfe8af3df3dee68b255c04b6ba19cb854d39"},"sourceUploadUrl":"https://storage.googleapis.com/uploads-989081397812.us-central1.cloudfunctions.appspot.com/fc241be5-8c70-463a-9d07-c582ac5a1230.zip?GoogleAccessId=service-545318849414@gcf-admin-robot.iam.gserviceaccount.com&Expires=1768686848&Signature=tEozQjZByZ3RxsQ6ugfD2J9B%2F8cJxL4FnStD2XlSUQeGXEMfmoHuAbq2ynUnUvOk8pmU%2BBXiXQqRJP9bkrvrr3pJxe0VzweXdRXQFHPEzjvset1wK4e4dfFqtEEH5UOWquprvUjwz0sKaUvUygReNvsOmXe8QzaCpr7fwoUUZ8CZ1FfZVxsOYIV9EnYHKbSniXJqzcYrC%2BG7CdK6LcMB2W0l0y16qfDVQki5CIpnZPsCItWzcop%2FmUUXM3S8IFbvtzKHRywC4un%2ByQhglXBfIkwZv4Vz1xnANF27G6OC0bumgdFG7veo15aLWyXLeDmNBm%2Fy%2FDAb5ICszocG4i18SQ%3D%3D","environmentVariables":{"FIREBASE_CONFIG":"{\"projectId\":\"javid-cb995\",\"storageBucket\":\"javid-cb995.firebasestorage.app\"}","GCLOUD_PROJECT":"javid-cb995","EVENTARC_CLOUD_EVENT_SOURCE":"projects/javid-cb995/locations/us-central1/functions/generateCloudinaryDeleteSignature"},"runtime":"nodejs20","buildEnvironmentVariables":{"GOOGLE_NODE_RUN_SCRIPTS":""},"dockerRegistry":"ARTIFACT_REGISTRY"},"versionId":"1","updateTime":"2026-01-17T21:25:19.537159918Z","buildId":"dec76b6e-8eef-4455-996f-58f1284ccb4e","buildName":"projects/545318849414/locations/us-central1/builds/dec76b6e-8eef-4455-996f-58f1284ccb4e"}}
[debug] [2026-01-17T21:25:23.859Z] <<< [apiv2][status] GET https://cloudfunctions.googleapis.com/v1/operations/cHJvamVjdHMvamF2aWQtY2I5OTUvbG9jYXRpb25zL3VzLWNlbnRyYWwxL29wZXJhdGlvbnMvb3BlcmF0aW9uLTE3Njg2ODUxMTkyMTktNjQ4OWMxODQwMjgyYy0yMzU4MWE1NS1iNWFjZmM0Mg 200
[debug] [2026-01-17T21:25:23.859Z] <<< [apiv2][body] GET https://cloudfunctions.googleapis.com/v1/operations/cHJvamVjdHMvamF2aWQtY2I5OTUvbG9jYXRpb25zL3VzLWNlbnRyYWwxL29wZXJhdGlvbnMvb3BlcmF0aW9uLTE3Njg2ODUxMTkyMTktNjQ4OWMxODQwMjgyYy0yMzU4MWE1NS1iNWFjZmM0Mg {"name":"operations/cHJvamVjdHMvamF2aWQtY2I5OTUvbG9jYXRpb25zL3VzLWNlbnRyYWwxL29wZXJhdGlvbnMvb3BlcmF0aW9uLTE3Njg2ODUxMTkyMTktNjQ4OWMxODQwMjgyYy0yMzU4MWE1NS1iNWFjZmM0Mg","metadata":{"@type":"type.googleapis.com/google.cloud.functions.v1.OperationMetadataV1","target":"projects/javid-cb995/locations/us-central1/functions/sendMessageNotification","type":"CREATE_FUNCTION","request":{"@type":"type.googleapis.com/google.cloud.functions.v1.CloudFunction","name":"projects/javid-cb995/locations/us-central1/functions/sendMessageNotification","eventTrigger":{"eventType":"providers/cloud.firestore/eventTypes/document.update","resource":"projects/javid-cb995/databases/(default)/documents/conversations/{conversationId}","failurePolicy":{}},"entryPoint":"sendMessageNotification","updateTime":"1970-01-01T00:00:00Z","labels":{"deployment-tool":"cli-firebase","firebase-functions-hash":"623cdfe8af3df3dee68b255c04b6ba19cb854d39"},"sourceUploadUrl":"https://storage.googleapis.com/uploads-989081397812.us-central1.cloudfunctions.appspot.com/fc241be5-8c70-463a-9d07-c582ac5a1230.zip?GoogleAccessId=service-545318849414@gcf-admin-robot.iam.gserviceaccount.com&Expires=1768686848&Signature=tEozQjZByZ3RxsQ6ugfD2J9B%2F8cJxL4FnStD2XlSUQeGXEMfmoHuAbq2ynUnUvOk8pmU%2BBXiXQqRJP9bkrvrr3pJxe0VzweXdRXQFHPEzjvset1wK4e4dfFqtEEH5UOWquprvUjwz0sKaUvUygReNvsOmXe8QzaCpr7fwoUUZ8CZ1FfZVxsOYIV9EnYHKbSniXJqzcYrC%2BG7CdK6LcMB2W0l0y16qfDVQki5CIpnZPsCItWzcop%2FmUUXM3S8IFbvtzKHRywC4un%2ByQhglXBfIkwZv4Vz1xnANF27G6OC0bumgdFG7veo15aLWyXLeDmNBm%2Fy%2FDAb5ICszocG4i18SQ%3D%3D","environmentVariables":{"FIREBASE_CONFIG":"{\"projectId\":\"javid-cb995\",\"storageBucket\":\"javid-cb995.firebasestorage.app\"}","GCLOUD_PROJECT":"javid-cb995","EVENTARC_CLOUD_EVENT_SOURCE":"projects/javid-cb995/locations/us-central1/functions/sendMessageNotification"},"runtime":"nodejs20","buildEnvironmentVariables":{"GOOGLE_NODE_RUN_SCRIPTS":""},"dockerRegistry":"ARTIFACT_REGISTRY"},"versionId":"1","updateTime":"2026-01-17T21:25:19.559306232Z","buildId":"7c19b36d-18a3-445a-b923-0f7f542896b7","buildName":"projects/545318849414/locations/us-central1/builds/7c19b36d-18a3-445a-b923-0f7f542896b7"}}
[debug] [2026-01-17T21:25:27.852Z] [create-default-us-central1-generateCloudinaryDeleteSignature] Retrying task index 0
[debug] [2026-01-17T21:25:27.853Z] Checked if tokens are valid: true, expires at: 1768686904345
[debug] [2026-01-17T21:25:27.853Z] Checked if tokens are valid: true, expires at: 1768686904345
[debug] [2026-01-17T21:25:27.853Z] >>> [apiv2][query] GET https://cloudfunctions.googleapis.com/v1/operations/cHJvamVjdHMvamF2aWQtY2I5OTUvbG9jYXRpb25zL3VzLWNlbnRyYWwxL29wZXJhdGlvbnMvb3BlcmF0aW9uLTE3Njg2ODUxMTkxNzktNjQ4OWMxODNmOGM2YS1mMWVkMDI4Ny03Njk4OGY1MA [none]
[debug] [2026-01-17T21:25:27.860Z] [create-default-us-central1-sendMessageNotification] Retrying task index 0
[debug] [2026-01-17T21:25:27.861Z] Checked if tokens are valid: true, expires at: 1768686904345
[debug] [2026-01-17T21:25:27.861Z] Checked if tokens are valid: true, expires at: 1768686904345
[debug] [2026-01-17T21:25:27.861Z] >>> [apiv2][query] GET https://cloudfunctions.googleapis.com/v1/operations/cHJvamVjdHMvamF2aWQtY2I5OTUvbG9jYXRpb25zL3VzLWNlbnRyYWwxL29wZXJhdGlvbnMvb3BlcmF0aW9uLTE3Njg2ODUxMTkyMTktNjQ4OWMxODQwMjgyYy0yMzU4MWE1NS1iNWFjZmM0Mg [none]
[debug] [2026-01-17T21:25:27.996Z] <<< [apiv2][status] GET https://cloudfunctions.googleapis.com/v1/operations/cHJvamVjdHMvamF2aWQtY2I5OTUvbG9jYXRpb25zL3VzLWNlbnRyYWwxL29wZXJhdGlvbnMvb3BlcmF0aW9uLTE3Njg2ODUxMTkyMTktNjQ4OWMxODQwMjgyYy0yMzU4MWE1NS1iNWFjZmM0Mg 200
[debug] [2026-01-17T21:25:27.997Z] <<< [apiv2][body] GET https://cloudfunctions.googleapis.com/v1/operations/cHJvamVjdHMvamF2aWQtY2I5OTUvbG9jYXRpb25zL3VzLWNlbnRyYWwxL29wZXJhdGlvbnMvb3BlcmF0aW9uLTE3Njg2ODUxMTkyMTktNjQ4OWMxODQwMjgyYy0yMzU4MWE1NS1iNWFjZmM0Mg {"name":"operations/cHJvamVjdHMvamF2aWQtY2I5OTUvbG9jYXRpb25zL3VzLWNlbnRyYWwxL29wZXJhdGlvbnMvb3BlcmF0aW9uLTE3Njg2ODUxMTkyMTktNjQ4OWMxODQwMjgyYy0yMzU4MWE1NS1iNWFjZmM0Mg","metadata":{"@type":"type.googleapis.com/google.cloud.functions.v1.OperationMetadataV1","target":"projects/javid-cb995/locations/us-central1/functions/sendMessageNotification","type":"CREATE_FUNCTION","request":{"@type":"type.googleapis.com/google.cloud.functions.v1.CloudFunction","name":"projects/javid-cb995/locations/us-central1/functions/sendMessageNotification","eventTrigger":{"eventType":"providers/cloud.firestore/eventTypes/document.update","resource":"projects/javid-cb995/databases/(default)/documents/conversations/{conversationId}","failurePolicy":{}},"entryPoint":"sendMessageNotification","updateTime":"1970-01-01T00:00:00Z","labels":{"deployment-tool":"cli-firebase","firebase-functions-hash":"623cdfe8af3df3dee68b255c04b6ba19cb854d39"},"sourceUploadUrl":"https://storage.googleapis.com/uploads-989081397812.us-central1.cloudfunctions.appspot.com/fc241be5-8c70-463a-9d07-c582ac5a1230.zip?GoogleAccessId=service-545318849414@gcf-admin-robot.iam.gserviceaccount.com&Expires=1768686848&Signature=tEozQjZByZ3RxsQ6ugfD2J9B%2F8cJxL4FnStD2XlSUQeGXEMfmoHuAbq2ynUnUvOk8pmU%2BBXiXQqRJP9bkrvrr3pJxe0VzweXdRXQFHPEzjvset1wK4e4dfFqtEEH5UOWquprvUjwz0sKaUvUygReNvsOmXe8QzaCpr7fwoUUZ8CZ1FfZVxsOYIV9EnYHKbSniXJqzcYrC%2BG7CdK6LcMB2W0l0y16qfDVQki5CIpnZPsCItWzcop%2FmUUXM3S8IFbvtzKHRywC4un%2ByQhglXBfIkwZv4Vz1xnANF27G6OC0bumgdFG7veo15aLWyXLeDmNBm%2Fy%2FDAb5ICszocG4i18SQ%3D%3D","environmentVariables":{"FIREBASE_CONFIG":"{\"projectId\":\"javid-cb995\",\"storageBucket\":\"javid-cb995.firebasestorage.app\"}","GCLOUD_PROJECT":"javid-cb995","EVENTARC_CLOUD_EVENT_SOURCE":"projects/javid-cb995/locations/us-central1/functions/sendMessageNotification"},"runtime":"nodejs20","buildEnvironmentVariables":{"GOOGLE_NODE_RUN_SCRIPTS":""},"dockerRegistry":"ARTIFACT_REGISTRY"},"versionId":"1","updateTime":"2026-01-17T21:25:19.559306232Z","buildId":"7c19b36d-18a3-445a-b923-0f7f542896b7","buildName":"projects/545318849414/locations/us-central1/builds/7c19b36d-18a3-445a-b923-0f7f542896b7"}}
[debug] [2026-01-17T21:25:28.067Z] <<< [apiv2][status] GET https://cloudfunctions.googleapis.com/v1/operations/cHJvamVjdHMvamF2aWQtY2I5OTUvbG9jYXRpb25zL3VzLWNlbnRyYWwxL29wZXJhdGlvbnMvb3BlcmF0aW9uLTE3Njg2ODUxMTkxNzktNjQ4OWMxODNmOGM2YS1mMWVkMDI4Ny03Njk4OGY1MA 200
[debug] [2026-01-17T21:25:28.067Z] <<< [apiv2][body] GET https://cloudfunctions.googleapis.com/v1/operations/cHJvamVjdHMvamF2aWQtY2I5OTUvbG9jYXRpb25zL3VzLWNlbnRyYWwxL29wZXJhdGlvbnMvb3BlcmF0aW9uLTE3Njg2ODUxMTkxNzktNjQ4OWMxODNmOGM2YS1mMWVkMDI4Ny03Njk4OGY1MA {"name":"operations/cHJvamVjdHMvamF2aWQtY2I5OTUvbG9jYXRpb25zL3VzLWNlbnRyYWwxL29wZXJhdGlvbnMvb3BlcmF0aW9uLTE3Njg2ODUxMTkxNzktNjQ4OWMxODNmOGM2YS1mMWVkMDI4Ny03Njk4OGY1MA","metadata":{"@type":"type.googleapis.com/google.cloud.functions.v1.OperationMetadataV1","target":"projects/javid-cb995/locations/us-central1/functions/generateCloudinaryDeleteSignature","type":"CREATE_FUNCTION","request":{"@type":"type.googleapis.com/google.cloud.functions.v1.CloudFunction","name":"projects/javid-cb995/locations/us-central1/functions/generateCloudinaryDeleteSignature","httpsTrigger":{"securityLevel":"SECURE_ALWAYS"},"entryPoint":"generateCloudinaryDeleteSignature","updateTime":"1970-01-01T00:00:00Z","labels":{"deployment-tool":"cli-firebase","deployment-callable":"true","firebase-functions-hash":"623cdfe8af3df3dee68b255c04b6ba19cb854d39"},"sourceUploadUrl":"https://storage.googleapis.com/uploads-989081397812.us-central1.cloudfunctions.appspot.com/fc241be5-8c70-463a-9d07-c582ac5a1230.zip?GoogleAccessId=service-545318849414@gcf-admin-robot.iam.gserviceaccount.com&Expires=1768686848&Signature=tEozQjZByZ3RxsQ6ugfD2J9B%2F8cJxL4FnStD2XlSUQeGXEMfmoHuAbq2ynUnUvOk8pmU%2BBXiXQqRJP9bkrvrr3pJxe0VzweXdRXQFHPEzjvset1wK4e4dfFqtEEH5UOWquprvUjwz0sKaUvUygReNvsOmXe8QzaCpr7fwoUUZ8CZ1FfZVxsOYIV9EnYHKbSniXJqzcYrC%2BG7CdK6LcMB2W0l0y16qfDVQki5CIpnZPsCItWzcop%2FmUUXM3S8IFbvtzKHRywC4un%2ByQhglXBfIkwZv4Vz1xnANF27G6OC0bumgdFG7veo15aLWyXLeDmNBm%2Fy%2FDAb5ICszocG4i18SQ%3D%3D","environmentVariables":{"FIREBASE_CONFIG":"{\"projectId\":\"javid-cb995\",\"storageBucket\":\"javid-cb995.firebasestorage.app\"}","GCLOUD_PROJECT":"javid-cb995","EVENTARC_CLOUD_EVENT_SOURCE":"projects/javid-cb995/locations/us-central1/functions/generateCloudinaryDeleteSignature"},"runtime":"nodejs20","buildEnvironmentVariables":{"GOOGLE_NODE_RUN_SCRIPTS":""},"dockerRegistry":"ARTIFACT_REGISTRY"},"versionId":"1","updateTime":"2026-01-17T21:25:19.537159918Z","buildId":"dec76b6e-8eef-4455-996f-58f1284ccb4e","buildName":"projects/545318849414/locations/us-central1/builds/dec76b6e-8eef-4455-996f-58f1284ccb4e"}}
[debug] [2026-01-17T21:25:35.999Z] [create-default-us-central1-sendMessageNotification] Retrying task index 0
[debug] [2026-01-17T21:25:36.000Z] Checked if tokens are valid: true, expires at: 1768686904345
[debug] [2026-01-17T21:25:36.000Z] Checked if tokens are valid: true, expires at: 1768686904345
[debug] [2026-01-17T21:25:36.000Z] >>> [apiv2][query] GET https://cloudfunctions.googleapis.com/v1/operations/cHJvamVjdHMvamF2aWQtY2I5OTUvbG9jYXRpb25zL3VzLWNlbnRyYWwxL29wZXJhdGlvbnMvb3BlcmF0aW9uLTE3Njg2ODUxMTkyMTktNjQ4OWMxODQwMjgyYy0yMzU4MWE1NS1iNWFjZmM0Mg [none]
[debug] [2026-01-17T21:25:36.069Z] [create-default-us-central1-generateCloudinaryDeleteSignature] Retrying task index 0
[debug] [2026-01-17T21:25:36.070Z] Checked if tokens are valid: true, expires at: 1768686904345
[debug] [2026-01-17T21:25:36.070Z] Checked if tokens are valid: true, expires at: 1768686904345
[debug] [2026-01-17T21:25:36.070Z] >>> [apiv2][query] GET https://cloudfunctions.googleapis.com/v1/operations/cHJvamVjdHMvamF2aWQtY2I5OTUvbG9jYXRpb25zL3VzLWNlbnRyYWwxL29wZXJhdGlvbnMvb3BlcmF0aW9uLTE3Njg2ODUxMTkxNzktNjQ4OWMxODNmOGM2YS1mMWVkMDI4Ny03Njk4OGY1MA [none]
[debug] [2026-01-17T21:25:36.270Z] <<< [apiv2][status] GET https://cloudfunctions.googleapis.com/v1/operations/cHJvamVjdHMvamF2aWQtY2I5OTUvbG9jYXRpb25zL3VzLWNlbnRyYWwxL29wZXJhdGlvbnMvb3BlcmF0aW9uLTE3Njg2ODUxMTkyMTktNjQ4OWMxODQwMjgyYy0yMzU4MWE1NS1iNWFjZmM0Mg 200
[debug] [2026-01-17T21:25:36.271Z] <<< [apiv2][body] GET https://cloudfunctions.googleapis.com/v1/operations/cHJvamVjdHMvamF2aWQtY2I5OTUvbG9jYXRpb25zL3VzLWNlbnRyYWwxL29wZXJhdGlvbnMvb3BlcmF0aW9uLTE3Njg2ODUxMTkyMTktNjQ4OWMxODQwMjgyYy0yMzU4MWE1NS1iNWFjZmM0Mg {"name":"operations/cHJvamVjdHMvamF2aWQtY2I5OTUvbG9jYXRpb25zL3VzLWNlbnRyYWwxL29wZXJhdGlvbnMvb3BlcmF0aW9uLTE3Njg2ODUxMTkyMTktNjQ4OWMxODQwMjgyYy0yMzU4MWE1NS1iNWFjZmM0Mg","metadata":{"@type":"type.googleapis.com/google.cloud.functions.v1.OperationMetadataV1","target":"projects/javid-cb995/locations/us-central1/functions/sendMessageNotification","type":"CREATE_FUNCTION","request":{"@type":"type.googleapis.com/google.cloud.functions.v1.CloudFunction","name":"projects/javid-cb995/locations/us-central1/functions/sendMessageNotification","eventTrigger":{"eventType":"providers/cloud.firestore/eventTypes/document.update","resource":"projects/javid-cb995/databases/(default)/documents/conversations/{conversationId}","failurePolicy":{}},"entryPoint":"sendMessageNotification","updateTime":"1970-01-01T00:00:00Z","labels":{"deployment-tool":"cli-firebase","firebase-functions-hash":"623cdfe8af3df3dee68b255c04b6ba19cb854d39"},"sourceUploadUrl":"https://storage.googleapis.com/uploads-989081397812.us-central1.cloudfunctions.appspot.com/fc241be5-8c70-463a-9d07-c582ac5a1230.zip?GoogleAccessId=service-545318849414@gcf-admin-robot.iam.gserviceaccount.com&Expires=1768686848&Signature=tEozQjZByZ3RxsQ6ugfD2J9B%2F8cJxL4FnStD2XlSUQeGXEMfmoHuAbq2ynUnUvOk8pmU%2BBXiXQqRJP9bkrvrr3pJxe0VzweXdRXQFHPEzjvset1wK4e4dfFqtEEH5UOWquprvUjwz0sKaUvUygReNvsOmXe8QzaCpr7fwoUUZ8CZ1FfZVxsOYIV9EnYHKbSniXJqzcYrC%2BG7CdK6LcMB2W0l0y16qfDVQki5CIpnZPsCItWzcop%2FmUUXM3S8IFbvtzKHRywC4un%2ByQhglXBfIkwZv4Vz1xnANF27G6OC0bumgdFG7veo15aLWyXLeDmNBm%2Fy%2FDAb5ICszocG4i18SQ%3D%3D","environmentVariables":{"FIREBASE_CONFIG":"{\"projectId\":\"javid-cb995\",\"storageBucket\":\"javid-cb995.firebasestorage.app\"}","GCLOUD_PROJECT":"javid-cb995","EVENTARC_CLOUD_EVENT_SOURCE":"projects/javid-cb995/locations/us-central1/functions/sendMessageNotification"},"runtime":"nodejs20","buildEnvironmentVariables":{"GOOGLE_NODE_RUN_SCRIPTS":""},"dockerRegistry":"ARTIFACT_REGISTRY"},"versionId":"1","updateTime":"2026-01-17T21:25:19.559306232Z","buildId":"7c19b36d-18a3-445a-b923-0f7f542896b7","buildName":"projects/545318849414/locations/us-central1/builds/7c19b36d-18a3-445a-b923-0f7f542896b7"}}
[debug] [2026-01-17T21:25:36.313Z] <<< [apiv2][status] GET https://cloudfunctions.googleapis.com/v1/operations/cHJvamVjdHMvamF2aWQtY2I5OTUvbG9jYXRpb25zL3VzLWNlbnRyYWwxL29wZXJhdGlvbnMvb3BlcmF0aW9uLTE3Njg2ODUxMTkxNzktNjQ4OWMxODNmOGM2YS1mMWVkMDI4Ny03Njk4OGY1MA 200
[debug] [2026-01-17T21:25:36.314Z] <<< [apiv2][body] GET https://cloudfunctions.googleapis.com/v1/operations/cHJvamVjdHMvamF2aWQtY2I5OTUvbG9jYXRpb25zL3VzLWNlbnRyYWwxL29wZXJhdGlvbnMvb3BlcmF0aW9uLTE3Njg2ODUxMTkxNzktNjQ4OWMxODNmOGM2YS1mMWVkMDI4Ny03Njk4OGY1MA {"name":"operations/cHJvamVjdHMvamF2aWQtY2I5OTUvbG9jYXRpb25zL3VzLWNlbnRyYWwxL29wZXJhdGlvbnMvb3BlcmF0aW9uLTE3Njg2ODUxMTkxNzktNjQ4OWMxODNmOGM2YS1mMWVkMDI4Ny03Njk4OGY1MA","metadata":{"@type":"type.googleapis.com/google.cloud.functions.v1.OperationMetadataV1","target":"projects/javid-cb995/locations/us-central1/functions/generateCloudinaryDeleteSignature","type":"CREATE_FUNCTION","request":{"@type":"type.googleapis.com/google.cloud.functions.v1.CloudFunction","name":"projects/javid-cb995/locations/us-central1/functions/generateCloudinaryDeleteSignature","httpsTrigger":{"securityLevel":"SECURE_ALWAYS"},"entryPoint":"generateCloudinaryDeleteSignature","updateTime":"1970-01-01T00:00:00Z","labels":{"deployment-tool":"cli-firebase","deployment-callable":"true","firebase-functions-hash":"623cdfe8af3df3dee68b255c04b6ba19cb854d39"},"sourceUploadUrl":"https://storage.googleapis.com/uploads-989081397812.us-central1.cloudfunctions.appspot.com/fc241be5-8c70-463a-9d07-c582ac5a1230.zip?GoogleAccessId=service-545318849414@gcf-admin-robot.iam.gserviceaccount.com&Expires=1768686848&Signature=tEozQjZByZ3RxsQ6ugfD2J9B%2F8cJxL4FnStD2XlSUQeGXEMfmoHuAbq2ynUnUvOk8pmU%2BBXiXQqRJP9bkrvrr3pJxe0VzweXdRXQFHPEzjvset1wK4e4dfFqtEEH5UOWquprvUjwz0sKaUvUygReNvsOmXe8QzaCpr7fwoUUZ8CZ1FfZVxsOYIV9EnYHKbSniXJqzcYrC%2BG7CdK6LcMB2W0l0y16qfDVQki5CIpnZPsCItWzcop%2FmUUXM3S8IFbvtzKHRywC4un%2ByQhglXBfIkwZv4Vz1xnANF27G6OC0bumgdFG7veo15aLWyXLeDmNBm%2Fy%2FDAb5ICszocG4i18SQ%3D%3D","environmentVariables":{"FIREBASE_CONFIG":"{\"projectId\":\"javid-cb995\",\"storageBucket\":\"javid-cb995.firebasestorage.app\"}","GCLOUD_PROJECT":"javid-cb995","EVENTARC_CLOUD_EVENT_SOURCE":"projects/javid-cb995/locations/us-central1/functions/generateCloudinaryDeleteSignature"},"runtime":"nodejs20","buildEnvironmentVariables":{"GOOGLE_NODE_RUN_SCRIPTS":""},"dockerRegistry":"ARTIFACT_REGISTRY"},"versionId":"1","updateTime":"2026-01-17T21:25:19.537159918Z","buildId":"dec76b6e-8eef-4455-996f-58f1284ccb4e","buildName":"projects/545318849414/locations/us-central1/builds/dec76b6e-8eef-4455-996f-58f1284ccb4e"}}
[debug] [2026-01-17T21:25:46.273Z] [create-default-us-central1-sendMessageNotification] Retrying task index 0
[debug] [2026-01-17T21:25:46.274Z] Checked if tokens are valid: true, expires at: 1768686904345
[debug] [2026-01-17T21:25:46.274Z] Checked if tokens are valid: true, expires at: 1768686904345
[debug] [2026-01-17T21:25:46.275Z] >>> [apiv2][query] GET https://cloudfunctions.googleapis.com/v1/operations/cHJvamVjdHMvamF2aWQtY2I5OTUvbG9jYXRpb25zL3VzLWNlbnRyYWwxL29wZXJhdGlvbnMvb3BlcmF0aW9uLTE3Njg2ODUxMTkyMTktNjQ4OWMxODQwMjgyYy0yMzU4MWE1NS1iNWFjZmM0Mg [none]
[debug] [2026-01-17T21:25:46.317Z] [create-default-us-central1-generateCloudinaryDeleteSignature] Retrying task index 0
[debug] [2026-01-17T21:25:46.318Z] Checked if tokens are valid: true, expires at: 1768686904345
[debug] [2026-01-17T21:25:46.319Z] Checked if tokens are valid: true, expires at: 1768686904345
[debug] [2026-01-17T21:25:46.319Z] >>> [apiv2][query] GET https://cloudfunctions.googleapis.com/v1/operations/cHJvamVjdHMvamF2aWQtY2I5OTUvbG9jYXRpb25zL3VzLWNlbnRyYWwxL29wZXJhdGlvbnMvb3BlcmF0aW9uLTE3Njg2ODUxMTkxNzktNjQ4OWMxODNmOGM2YS1mMWVkMDI4Ny03Njk4OGY1MA [none]
[debug] [2026-01-17T21:25:46.502Z] <<< [apiv2][status] GET https://cloudfunctions.googleapis.com/v1/operations/cHJvamVjdHMvamF2aWQtY2I5OTUvbG9jYXRpb25zL3VzLWNlbnRyYWwxL29wZXJhdGlvbnMvb3BlcmF0aW9uLTE3Njg2ODUxMTkyMTktNjQ4OWMxODQwMjgyYy0yMzU4MWE1NS1iNWFjZmM0Mg 200
[debug] [2026-01-17T21:25:46.502Z] <<< [apiv2][body] GET https://cloudfunctions.googleapis.com/v1/operations/cHJvamVjdHMvamF2aWQtY2I5OTUvbG9jYXRpb25zL3VzLWNlbnRyYWwxL29wZXJhdGlvbnMvb3BlcmF0aW9uLTE3Njg2ODUxMTkyMTktNjQ4OWMxODQwMjgyYy0yMzU4MWE1NS1iNWFjZmM0Mg {"name":"operations/cHJvamVjdHMvamF2aWQtY2I5OTUvbG9jYXRpb25zL3VzLWNlbnRyYWwxL29wZXJhdGlvbnMvb3BlcmF0aW9uLTE3Njg2ODUxMTkyMTktNjQ4OWMxODQwMjgyYy0yMzU4MWE1NS1iNWFjZmM0Mg","metadata":{"@type":"type.googleapis.com/google.cloud.functions.v1.OperationMetadataV1","target":"projects/javid-cb995/locations/us-central1/functions/sendMessageNotification","type":"CREATE_FUNCTION","request":{"@type":"type.googleapis.com/google.cloud.functions.v1.CloudFunction","name":"projects/javid-cb995/locations/us-central1/functions/sendMessageNotification","eventTrigger":{"eventType":"providers/cloud.firestore/eventTypes/document.update","resource":"projects/javid-cb995/databases/(default)/documents/conversations/{conversationId}","failurePolicy":{}},"entryPoint":"sendMessageNotification","updateTime":"1970-01-01T00:00:00Z","labels":{"deployment-tool":"cli-firebase","firebase-functions-hash":"623cdfe8af3df3dee68b255c04b6ba19cb854d39"},"sourceUploadUrl":"https://storage.googleapis.com/uploads-989081397812.us-central1.cloudfunctions.appspot.com/fc241be5-8c70-463a-9d07-c582ac5a1230.zip?GoogleAccessId=service-545318849414@gcf-admin-robot.iam.gserviceaccount.com&Expires=1768686848&Signature=tEozQjZByZ3RxsQ6ugfD2J9B%2F8cJxL4FnStD2XlSUQeGXEMfmoHuAbq2ynUnUvOk8pmU%2BBXiXQqRJP9bkrvrr3pJxe0VzweXdRXQFHPEzjvset1wK4e4dfFqtEEH5UOWquprvUjwz0sKaUvUygReNvsOmXe8QzaCpr7fwoUUZ8CZ1FfZVxsOYIV9EnYHKbSniXJqzcYrC%2BG7CdK6LcMB2W0l0y16qfDVQki5CIpnZPsCItWzcop%2FmUUXM3S8IFbvtzKHRywC4un%2ByQhglXBfIkwZv4Vz1xnANF27G6OC0bumgdFG7veo15aLWyXLeDmNBm%2Fy%2FDAb5ICszocG4i18SQ%3D%3D","environmentVariables":{"FIREBASE_CONFIG":"{\"projectId\":\"javid-cb995\",\"storageBucket\":\"javid-cb995.firebasestorage.app\"}","GCLOUD_PROJECT":"javid-cb995","EVENTARC_CLOUD_EVENT_SOURCE":"projects/javid-cb995/locations/us-central1/functions/sendMessageNotification"},"runtime":"nodejs20","buildEnvironmentVariables":{"GOOGLE_NODE_RUN_SCRIPTS":""},"dockerRegistry":"ARTIFACT_REGISTRY"},"versionId":"1","updateTime":"2026-01-17T21:25:19.559306232Z","buildId":"7c19b36d-18a3-445a-b923-0f7f542896b7","buildName":"projects/545318849414/locations/us-central1/builds/7c19b36d-18a3-445a-b923-0f7f542896b7"}}
[debug] [2026-01-17T21:25:46.619Z] <<< [apiv2][status] GET https://cloudfunctions.googleapis.com/v1/operations/cHJvamVjdHMvamF2aWQtY2I5OTUvbG9jYXRpb25zL3VzLWNlbnRyYWwxL29wZXJhdGlvbnMvb3BlcmF0aW9uLTE3Njg2ODUxMTkxNzktNjQ4OWMxODNmOGM2YS1mMWVkMDI4Ny03Njk4OGY1MA 200
[debug] [2026-01-17T21:25:46.620Z] <<< [apiv2][body] GET https://cloudfunctions.googleapis.com/v1/operations/cHJvamVjdHMvamF2aWQtY2I5OTUvbG9jYXRpb25zL3VzLWNlbnRyYWwxL29wZXJhdGlvbnMvb3BlcmF0aW9uLTE3Njg2ODUxMTkxNzktNjQ4OWMxODNmOGM2YS1mMWVkMDI4Ny03Njk4OGY1MA {"name":"operations/cHJvamVjdHMvamF2aWQtY2I5OTUvbG9jYXRpb25zL3VzLWNlbnRyYWwxL29wZXJhdGlvbnMvb3BlcmF0aW9uLTE3Njg2ODUxMTkxNzktNjQ4OWMxODNmOGM2YS1mMWVkMDI4Ny03Njk4OGY1MA","metadata":{"@type":"type.googleapis.com/google.cloud.functions.v1.OperationMetadataV1","target":"projects/javid-cb995/locations/us-central1/functions/generateCloudinaryDeleteSignature","type":"CREATE_FUNCTION","request":{"@type":"type.googleapis.com/google.cloud.functions.v1.CloudFunction","name":"projects/javid-cb995/locations/us-central1/functions/generateCloudinaryDeleteSignature","httpsTrigger":{"securityLevel":"SECURE_ALWAYS"},"entryPoint":"generateCloudinaryDeleteSignature","updateTime":"1970-01-01T00:00:00Z","labels":{"deployment-tool":"cli-firebase","deployment-callable":"true","firebase-functions-hash":"623cdfe8af3df3dee68b255c04b6ba19cb854d39"},"sourceUploadUrl":"https://storage.googleapis.com/uploads-989081397812.us-central1.cloudfunctions.appspot.com/fc241be5-8c70-463a-9d07-c582ac5a1230.zip?GoogleAccessId=service-545318849414@gcf-admin-robot.iam.gserviceaccount.com&Expires=1768686848&Signature=tEozQjZByZ3RxsQ6ugfD2J9B%2F8cJxL4FnStD2XlSUQeGXEMfmoHuAbq2ynUnUvOk8pmU%2BBXiXQqRJP9bkrvrr3pJxe0VzweXdRXQFHPEzjvset1wK4e4dfFqtEEH5UOWquprvUjwz0sKaUvUygReNvsOmXe8QzaCpr7fwoUUZ8CZ1FfZVxsOYIV9EnYHKbSniXJqzcYrC%2BG7CdK6LcMB2W0l0y16qfDVQki5CIpnZPsCItWzcop%2FmUUXM3S8IFbvtzKHRywC4un%2ByQhglXBfIkwZv4Vz1xnANF27G6OC0bumgdFG7veo15aLWyXLeDmNBm%2Fy%2FDAb5ICszocG4i18SQ%3D%3D","environmentVariables":{"FIREBASE_CONFIG":"{\"projectId\":\"javid-cb995\",\"storageBucket\":\"javid-cb995.firebasestorage.app\"}","GCLOUD_PROJECT":"javid-cb995","EVENTARC_CLOUD_EVENT_SOURCE":"projects/javid-cb995/locations/us-central1/functions/generateCloudinaryDeleteSignature"},"runtime":"nodejs20","buildEnvironmentVariables":{"GOOGLE_NODE_RUN_SCRIPTS":""},"dockerRegistry":"ARTIFACT_REGISTRY"},"versionId":"1","updateTime":"2026-01-17T21:25:19.537159918Z","buildId":"dec76b6e-8eef-4455-996f-58f1284ccb4e","buildName":"projects/545318849414/locations/us-central1/builds/dec76b6e-8eef-4455-996f-58f1284ccb4e"}}
[debug] [2026-01-17T21:25:56.503Z] [create-default-us-central1-sendMessageNotification] Retrying task index 0
[debug] [2026-01-17T21:25:56.504Z] Checked if tokens are valid: true, expires at: 1768686904345
[debug] [2026-01-17T21:25:56.504Z] Checked if tokens are valid: true, expires at: 1768686904345
[debug] [2026-01-17T21:25:56.505Z] >>> [apiv2][query] GET https://cloudfunctions.googleapis.com/v1/operations/cHJvamVjdHMvamF2aWQtY2I5OTUvbG9jYXRpb25zL3VzLWNlbnRyYWwxL29wZXJhdGlvbnMvb3BlcmF0aW9uLTE3Njg2ODUxMTkyMTktNjQ4OWMxODQwMjgyYy0yMzU4MWE1NS1iNWFjZmM0Mg [none]
[debug] [2026-01-17T21:25:56.621Z] [create-default-us-central1-generateCloudinaryDeleteSignature] Retrying task index 0
[debug] [2026-01-17T21:25:56.622Z] Checked if tokens are valid: true, expires at: 1768686904345
[debug] [2026-01-17T21:25:56.622Z] Checked if tokens are valid: true, expires at: 1768686904345
[debug] [2026-01-17T21:25:56.622Z] >>> [apiv2][query] GET https://cloudfunctions.googleapis.com/v1/operations/cHJvamVjdHMvamF2aWQtY2I5OTUvbG9jYXRpb25zL3VzLWNlbnRyYWwxL29wZXJhdGlvbnMvb3BlcmF0aW9uLTE3Njg2ODUxMTkxNzktNjQ4OWMxODNmOGM2YS1mMWVkMDI4Ny03Njk4OGY1MA [none]
[debug] [2026-01-17T21:25:56.703Z] <<< [apiv2][status] GET https://cloudfunctions.googleapis.com/v1/operations/cHJvamVjdHMvamF2aWQtY2I5OTUvbG9jYXRpb25zL3VzLWNlbnRyYWwxL29wZXJhdGlvbnMvb3BlcmF0aW9uLTE3Njg2ODUxMTkyMTktNjQ4OWMxODQwMjgyYy0yMzU4MWE1NS1iNWFjZmM0Mg 200
[debug] [2026-01-17T21:25:56.704Z] <<< [apiv2][body] GET https://cloudfunctions.googleapis.com/v1/operations/cHJvamVjdHMvamF2aWQtY2I5OTUvbG9jYXRpb25zL3VzLWNlbnRyYWwxL29wZXJhdGlvbnMvb3BlcmF0aW9uLTE3Njg2ODUxMTkyMTktNjQ4OWMxODQwMjgyYy0yMzU4MWE1NS1iNWFjZmM0Mg {"name":"operations/cHJvamVjdHMvamF2aWQtY2I5OTUvbG9jYXRpb25zL3VzLWNlbnRyYWwxL29wZXJhdGlvbnMvb3BlcmF0aW9uLTE3Njg2ODUxMTkyMTktNjQ4OWMxODQwMjgyYy0yMzU4MWE1NS1iNWFjZmM0Mg","metadata":{"@type":"type.googleapis.com/google.cloud.functions.v1.OperationMetadataV1","target":"projects/javid-cb995/locations/us-central1/functions/sendMessageNotification","type":"CREATE_FUNCTION","request":{"@type":"type.googleapis.com/google.cloud.functions.v1.CloudFunction","name":"projects/javid-cb995/locations/us-central1/functions/sendMessageNotification","eventTrigger":{"eventType":"providers/cloud.firestore/eventTypes/document.update","resource":"projects/javid-cb995/databases/(default)/documents/conversations/{conversationId}","failurePolicy":{}},"entryPoint":"sendMessageNotification","updateTime":"1970-01-01T00:00:00Z","labels":{"deployment-tool":"cli-firebase","firebase-functions-hash":"623cdfe8af3df3dee68b255c04b6ba19cb854d39"},"sourceUploadUrl":"https://storage.googleapis.com/uploads-989081397812.us-central1.cloudfunctions.appspot.com/fc241be5-8c70-463a-9d07-c582ac5a1230.zip?GoogleAccessId=service-545318849414@gcf-admin-robot.iam.gserviceaccount.com&Expires=1768686848&Signature=tEozQjZByZ3RxsQ6ugfD2J9B%2F8cJxL4FnStD2XlSUQeGXEMfmoHuAbq2ynUnUvOk8pmU%2BBXiXQqRJP9bkrvrr3pJxe0VzweXdRXQFHPEzjvset1wK4e4dfFqtEEH5UOWquprvUjwz0sKaUvUygReNvsOmXe8QzaCpr7fwoUUZ8CZ1FfZVxsOYIV9EnYHKbSniXJqzcYrC%2BG7CdK6LcMB2W0l0y16qfDVQki5CIpnZPsCItWzcop%2FmUUXM3S8IFbvtzKHRywC4un%2ByQhglXBfIkwZv4Vz1xnANF27G6OC0bumgdFG7veo15aLWyXLeDmNBm%2Fy%2FDAb5ICszocG4i18SQ%3D%3D","environmentVariables":{"FIREBASE_CONFIG":"{\"projectId\":\"javid-cb995\",\"storageBucket\":\"javid-cb995.firebasestorage.app\"}","GCLOUD_PROJECT":"javid-cb995","EVENTARC_CLOUD_EVENT_SOURCE":"projects/javid-cb995/locations/us-central1/functions/sendMessageNotification"},"runtime":"nodejs20","buildEnvironmentVariables":{"GOOGLE_NODE_RUN_SCRIPTS":""},"dockerRegistry":"ARTIFACT_REGISTRY"},"versionId":"1","updateTime":"2026-01-17T21:25:19.559306232Z","buildId":"7c19b36d-18a3-445a-b923-0f7f542896b7","buildName":"projects/545318849414/locations/us-central1/builds/7c19b36d-18a3-445a-b923-0f7f542896b7"}}
[debug] [2026-01-17T21:25:56.875Z] <<< [apiv2][status] GET https://cloudfunctions.googleapis.com/v1/operations/cHJvamVjdHMvamF2aWQtY2I5OTUvbG9jYXRpb25zL3VzLWNlbnRyYWwxL29wZXJhdGlvbnMvb3BlcmF0aW9uLTE3Njg2ODUxMTkxNzktNjQ4OWMxODNmOGM2YS1mMWVkMDI4Ny03Njk4OGY1MA 200
[debug] [2026-01-17T21:25:56.876Z] <<< [apiv2][body] GET https://cloudfunctions.googleapis.com/v1/operations/cHJvamVjdHMvamF2aWQtY2I5OTUvbG9jYXRpb25zL3VzLWNlbnRyYWwxL29wZXJhdGlvbnMvb3BlcmF0aW9uLTE3Njg2ODUxMTkxNzktNjQ4OWMxODNmOGM2YS1mMWVkMDI4Ny03Njk4OGY1MA {"name":"operations/cHJvamVjdHMvamF2aWQtY2I5OTUvbG9jYXRpb25zL3VzLWNlbnRyYWwxL29wZXJhdGlvbnMvb3BlcmF0aW9uLTE3Njg2ODUxMTkxNzktNjQ4OWMxODNmOGM2YS1mMWVkMDI4Ny03Njk4OGY1MA","metadata":{"@type":"type.googleapis.com/google.cloud.functions.v1.OperationMetadataV1","target":"projects/javid-cb995/locations/us-central1/functions/generateCloudinaryDeleteSignature","type":"CREATE_FUNCTION","request":{"@type":"type.googleapis.com/google.cloud.functions.v1.CloudFunction","name":"projects/javid-cb995/locations/us-central1/functions/generateCloudinaryDeleteSignature","httpsTrigger":{"securityLevel":"SECURE_ALWAYS"},"entryPoint":"generateCloudinaryDeleteSignature","updateTime":"1970-01-01T00:00:00Z","labels":{"deployment-tool":"cli-firebase","deployment-callable":"true","firebase-functions-hash":"623cdfe8af3df3dee68b255c04b6ba19cb854d39"},"sourceUploadUrl":"https://storage.googleapis.com/uploads-989081397812.us-central1.cloudfunctions.appspot.com/fc241be5-8c70-463a-9d07-c582ac5a1230.zip?GoogleAccessId=service-545318849414@gcf-admin-robot.iam.gserviceaccount.com&Expires=1768686848&Signature=tEozQjZByZ3RxsQ6ugfD2J9B%2F8cJxL4FnStD2XlSUQeGXEMfmoHuAbq2ynUnUvOk8pmU%2BBXiXQqRJP9bkrvrr3pJxe0VzweXdRXQFHPEzjvset1wK4e4dfFqtEEH5UOWquprvUjwz0sKaUvUygReNvsOmXe8QzaCpr7fwoUUZ8CZ1FfZVxsOYIV9EnYHKbSniXJqzcYrC%2BG7CdK6LcMB2W0l0y16qfDVQki5CIpnZPsCItWzcop%2FmUUXM3S8IFbvtzKHRywC4un%2ByQhglXBfIkwZv4Vz1xnANF27G6OC0bumgdFG7veo15aLWyXLeDmNBm%2Fy%2FDAb5ICszocG4i18SQ%3D%3D","environmentVariables":{"FIREBASE_CONFIG":"{\"projectId\":\"javid-cb995\",\"storageBucket\":\"javid-cb995.firebasestorage.app\"}","GCLOUD_PROJECT":"javid-cb995","EVENTARC_CLOUD_EVENT_SOURCE":"projects/javid-cb995/locations/us-central1/functions/generateCloudinaryDeleteSignature"},"runtime":"nodejs20","buildEnvironmentVariables":{"GOOGLE_NODE_RUN_SCRIPTS":""},"dockerRegistry":"ARTIFACT_REGISTRY"},"versionId":"1","updateTime":"2026-01-17T21:25:19.537159918Z","buildId":"dec76b6e-8eef-4455-996f-58f1284ccb4e","buildName":"projects/545318849414/locations/us-central1/builds/dec76b6e-8eef-4455-996f-58f1284ccb4e"}}
[debug] [2026-01-17T21:26:06.706Z] [create-default-us-central1-sendMessageNotification] Retrying task index 0
[debug] [2026-01-17T21:26:06.706Z] Checked if tokens are valid: true, expires at: 1768686904345
[debug] [2026-01-17T21:26:06.707Z] Checked if tokens are valid: true, expires at: 1768686904345
[debug] [2026-01-17T21:26:06.707Z] >>> [apiv2][query] GET https://cloudfunctions.googleapis.com/v1/operations/cHJvamVjdHMvamF2aWQtY2I5OTUvbG9jYXRpb25zL3VzLWNlbnRyYWwxL29wZXJhdGlvbnMvb3BlcmF0aW9uLTE3Njg2ODUxMTkyMTktNjQ4OWMxODQwMjgyYy0yMzU4MWE1NS1iNWFjZmM0Mg [none]
[debug] [2026-01-17T21:26:06.877Z] [create-default-us-central1-generateCloudinaryDeleteSignature] Retrying task index 0
[debug] [2026-01-17T21:26:06.878Z] Checked if tokens are valid: true, expires at: 1768686904345
[debug] [2026-01-17T21:26:06.878Z] Checked if tokens are valid: true, expires at: 1768686904345
[debug] [2026-01-17T21:26:06.878Z] >>> [apiv2][query] GET https://cloudfunctions.googleapis.com/v1/operations/cHJvamVjdHMvamF2aWQtY2I5OTUvbG9jYXRpb25zL3VzLWNlbnRyYWwxL29wZXJhdGlvbnMvb3BlcmF0aW9uLTE3Njg2ODUxMTkxNzktNjQ4OWMxODNmOGM2YS1mMWVkMDI4Ny03Njk4OGY1MA [none]
[debug] [2026-01-17T21:26:06.949Z] <<< [apiv2][status] GET https://cloudfunctions.googleapis.com/v1/operations/cHJvamVjdHMvamF2aWQtY2I5OTUvbG9jYXRpb25zL3VzLWNlbnRyYWwxL29wZXJhdGlvbnMvb3BlcmF0aW9uLTE3Njg2ODUxMTkyMTktNjQ4OWMxODQwMjgyYy0yMzU4MWE1NS1iNWFjZmM0Mg 200
[debug] [2026-01-17T21:26:06.950Z] <<< [apiv2][body] GET https://cloudfunctions.googleapis.com/v1/operations/cHJvamVjdHMvamF2aWQtY2I5OTUvbG9jYXRpb25zL3VzLWNlbnRyYWwxL29wZXJhdGlvbnMvb3BlcmF0aW9uLTE3Njg2ODUxMTkyMTktNjQ4OWMxODQwMjgyYy0yMzU4MWE1NS1iNWFjZmM0Mg {"name":"operations/cHJvamVjdHMvamF2aWQtY2I5OTUvbG9jYXRpb25zL3VzLWNlbnRyYWwxL29wZXJhdGlvbnMvb3BlcmF0aW9uLTE3Njg2ODUxMTkyMTktNjQ4OWMxODQwMjgyYy0yMzU4MWE1NS1iNWFjZmM0Mg","metadata":{"@type":"type.googleapis.com/google.cloud.functions.v1.OperationMetadataV1","target":"projects/javid-cb995/locations/us-central1/functions/sendMessageNotification","type":"CREATE_FUNCTION","request":{"@type":"type.googleapis.com/google.cloud.functions.v1.CloudFunction","name":"projects/javid-cb995/locations/us-central1/functions/sendMessageNotification","eventTrigger":{"eventType":"providers/cloud.firestore/eventTypes/document.update","resource":"projects/javid-cb995/databases/(default)/documents/conversations/{conversationId}","failurePolicy":{}},"entryPoint":"sendMessageNotification","updateTime":"1970-01-01T00:00:00Z","labels":{"deployment-tool":"cli-firebase","firebase-functions-hash":"623cdfe8af3df3dee68b255c04b6ba19cb854d39"},"sourceUploadUrl":"https://storage.googleapis.com/uploads-989081397812.us-central1.cloudfunctions.appspot.com/fc241be5-8c70-463a-9d07-c582ac5a1230.zip?GoogleAccessId=service-545318849414@gcf-admin-robot.iam.gserviceaccount.com&Expires=1768686848&Signature=tEozQjZByZ3RxsQ6ugfD2J9B%2F8cJxL4FnStD2XlSUQeGXEMfmoHuAbq2ynUnUvOk8pmU%2BBXiXQqRJP9bkrvrr3pJxe0VzweXdRXQFHPEzjvset1wK4e4dfFqtEEH5UOWquprvUjwz0sKaUvUygReNvsOmXe8QzaCpr7fwoUUZ8CZ1FfZVxsOYIV9EnYHKbSniXJqzcYrC%2BG7CdK6LcMB2W0l0y16qfDVQki5CIpnZPsCItWzcop%2FmUUXM3S8IFbvtzKHRywC4un%2ByQhglXBfIkwZv4Vz1xnANF27G6OC0bumgdFG7veo15aLWyXLeDmNBm%2Fy%2FDAb5ICszocG4i18SQ%3D%3D","environmentVariables":{"FIREBASE_CONFIG":"{\"projectId\":\"javid-cb995\",\"storageBucket\":\"javid-cb995.firebasestorage.app\"}","GCLOUD_PROJECT":"javid-cb995","EVENTARC_CLOUD_EVENT_SOURCE":"projects/javid-cb995/locations/us-central1/functions/sendMessageNotification"},"runtime":"nodejs20","buildEnvironmentVariables":{"GOOGLE_NODE_RUN_SCRIPTS":""},"dockerRegistry":"ARTIFACT_REGISTRY"},"versionId":"1","updateTime":"2026-01-17T21:25:19.559306232Z","buildId":"7c19b36d-18a3-445a-b923-0f7f542896b7","buildName":"projects/545318849414/locations/us-central1/builds/7c19b36d-18a3-445a-b923-0f7f542896b7"}}
[debug] [2026-01-17T21:26:07.162Z] <<< [apiv2][status] GET https://cloudfunctions.googleapis.com/v1/operations/cHJvamVjdHMvamF2aWQtY2I5OTUvbG9jYXRpb25zL3VzLWNlbnRyYWwxL29wZXJhdGlvbnMvb3BlcmF0aW9uLTE3Njg2ODUxMTkxNzktNjQ4OWMxODNmOGM2YS1mMWVkMDI4Ny03Njk4OGY1MA 200
[debug] [2026-01-17T21:26:07.163Z] <<< [apiv2][body] GET https://cloudfunctions.googleapis.com/v1/operations/cHJvamVjdHMvamF2aWQtY2I5OTUvbG9jYXRpb25zL3VzLWNlbnRyYWwxL29wZXJhdGlvbnMvb3BlcmF0aW9uLTE3Njg2ODUxMTkxNzktNjQ4OWMxODNmOGM2YS1mMWVkMDI4Ny03Njk4OGY1MA {"name":"operations/cHJvamVjdHMvamF2aWQtY2I5OTUvbG9jYXRpb25zL3VzLWNlbnRyYWwxL29wZXJhdGlvbnMvb3BlcmF0aW9uLTE3Njg2ODUxMTkxNzktNjQ4OWMxODNmOGM2YS1mMWVkMDI4Ny03Njk4OGY1MA","metadata":{"@type":"type.googleapis.com/google.cloud.functions.v1.OperationMetadataV1","target":"projects/javid-cb995/locations/us-central1/functions/generateCloudinaryDeleteSignature","type":"CREATE_FUNCTION","request":{"@type":"type.googleapis.com/google.cloud.functions.v1.CloudFunction","name":"projects/javid-cb995/locations/us-central1/functions/generateCloudinaryDeleteSignature","httpsTrigger":{"securityLevel":"SECURE_ALWAYS"},"entryPoint":"generateCloudinaryDeleteSignature","updateTime":"1970-01-01T00:00:00Z","labels":{"deployment-tool":"cli-firebase","deployment-callable":"true","firebase-functions-hash":"623cdfe8af3df3dee68b255c04b6ba19cb854d39"},"sourceUploadUrl":"https://storage.googleapis.com/uploads-989081397812.us-central1.cloudfunctions.appspot.com/fc241be5-8c70-463a-9d07-c582ac5a1230.zip?GoogleAccessId=service-545318849414@gcf-admin-robot.iam.gserviceaccount.com&Expires=1768686848&Signature=tEozQjZByZ3RxsQ6ugfD2J9B%2F8cJxL4FnStD2XlSUQeGXEMfmoHuAbq2ynUnUvOk8pmU%2BBXiXQqRJP9bkrvrr3pJxe0VzweXdRXQFHPEzjvset1wK4e4dfFqtEEH5UOWquprvUjwz0sKaUvUygReNvsOmXe8QzaCpr7fwoUUZ8CZ1FfZVxsOYIV9EnYHKbSniXJqzcYrC%2BG7CdK6LcMB2W0l0y16qfDVQki5CIpnZPsCItWzcop%2FmUUXM3S8IFbvtzKHRywC4un%2ByQhglXBfIkwZv4Vz1xnANF27G6OC0bumgdFG7veo15aLWyXLeDmNBm%2Fy%2FDAb5ICszocG4i18SQ%3D%3D","environmentVariables":{"FIREBASE_CONFIG":"{\"projectId\":\"javid-cb995\",\"storageBucket\":\"javid-cb995.firebasestorage.app\"}","GCLOUD_PROJECT":"javid-cb995","EVENTARC_CLOUD_EVENT_SOURCE":"projects/javid-cb995/locations/us-central1/functions/generateCloudinaryDeleteSignature"},"runtime":"nodejs20","buildEnvironmentVariables":{"GOOGLE_NODE_RUN_SCRIPTS":""},"dockerRegistry":"ARTIFACT_REGISTRY"},"versionId":"1","updateTime":"2026-01-17T21:25:19.537159918Z","buildId":"dec76b6e-8eef-4455-996f-58f1284ccb4e","buildName":"projects/545318849414/locations/us-central1/builds/dec76b6e-8eef-4455-996f-58f1284ccb4e"}}
[debug] [2026-01-17T21:26:16.952Z] [create-default-us-central1-sendMessageNotification] Retrying task index 0
[debug] [2026-01-17T21:26:16.953Z] Checked if tokens are valid: true, expires at: 1768686904345
[debug] [2026-01-17T21:26:16.953Z] Checked if tokens are valid: true, expires at: 1768686904345
[debug] [2026-01-17T21:26:16.953Z] >>> [apiv2][query] GET https://cloudfunctions.googleapis.com/v1/operations/cHJvamVjdHMvamF2aWQtY2I5OTUvbG9jYXRpb25zL3VzLWNlbnRyYWwxL29wZXJhdGlvbnMvb3BlcmF0aW9uLTE3Njg2ODUxMTkyMTktNjQ4OWMxODQwMjgyYy0yMzU4MWE1NS1iNWFjZmM0Mg [none]
[debug] [2026-01-17T21:26:17.165Z] [create-default-us-central1-generateCloudinaryDeleteSignature] Retrying task index 0
[debug] [2026-01-17T21:26:17.166Z] Checked if tokens are valid: true, expires at: 1768686904345
[debug] [2026-01-17T21:26:17.166Z] Checked if tokens are valid: true, expires at: 1768686904345
[debug] [2026-01-17T21:26:17.166Z] >>> [apiv2][query] GET https://cloudfunctions.googleapis.com/v1/operations/cHJvamVjdHMvamF2aWQtY2I5OTUvbG9jYXRpb25zL3VzLWNlbnRyYWwxL29wZXJhdGlvbnMvb3BlcmF0aW9uLTE3Njg2ODUxMTkxNzktNjQ4OWMxODNmOGM2YS1mMWVkMDI4Ny03Njk4OGY1MA [none]
[debug] [2026-01-17T21:26:17.253Z] <<< [apiv2][status] GET https://cloudfunctions.googleapis.com/v1/operations/cHJvamVjdHMvamF2aWQtY2I5OTUvbG9jYXRpb25zL3VzLWNlbnRyYWwxL29wZXJhdGlvbnMvb3BlcmF0aW9uLTE3Njg2ODUxMTkyMTktNjQ4OWMxODQwMjgyYy0yMzU4MWE1NS1iNWFjZmM0Mg 200
[debug] [2026-01-17T21:26:17.253Z] <<< [apiv2][body] GET https://cloudfunctions.googleapis.com/v1/operations/cHJvamVjdHMvamF2aWQtY2I5OTUvbG9jYXRpb25zL3VzLWNlbnRyYWwxL29wZXJhdGlvbnMvb3BlcmF0aW9uLTE3Njg2ODUxMTkyMTktNjQ4OWMxODQwMjgyYy0yMzU4MWE1NS1iNWFjZmM0Mg {"name":"operations/cHJvamVjdHMvamF2aWQtY2I5OTUvbG9jYXRpb25zL3VzLWNlbnRyYWwxL29wZXJhdGlvbnMvb3BlcmF0aW9uLTE3Njg2ODUxMTkyMTktNjQ4OWMxODQwMjgyYy0yMzU4MWE1NS1iNWFjZmM0Mg","metadata":{"@type":"type.googleapis.com/google.cloud.functions.v1.OperationMetadataV1","target":"projects/javid-cb995/locations/us-central1/functions/sendMessageNotification","type":"CREATE_FUNCTION","request":{"@type":"type.googleapis.com/google.cloud.functions.v1.CloudFunction","name":"projects/javid-cb995/locations/us-central1/functions/sendMessageNotification","eventTrigger":{"eventType":"providers/cloud.firestore/eventTypes/document.update","resource":"projects/javid-cb995/databases/(default)/documents/conversations/{conversationId}","failurePolicy":{}},"entryPoint":"sendMessageNotification","updateTime":"1970-01-01T00:00:00Z","labels":{"deployment-tool":"cli-firebase","firebase-functions-hash":"623cdfe8af3df3dee68b255c04b6ba19cb854d39"},"sourceUploadUrl":"https://storage.googleapis.com/uploads-989081397812.us-central1.cloudfunctions.appspot.com/fc241be5-8c70-463a-9d07-c582ac5a1230.zip?GoogleAccessId=service-545318849414@gcf-admin-robot.iam.gserviceaccount.com&Expires=1768686848&Signature=tEozQjZByZ3RxsQ6ugfD2J9B%2F8cJxL4FnStD2XlSUQeGXEMfmoHuAbq2ynUnUvOk8pmU%2BBXiXQqRJP9bkrvrr3pJxe0VzweXdRXQFHPEzjvset1wK4e4dfFqtEEH5UOWquprvUjwz0sKaUvUygReNvsOmXe8QzaCpr7fwoUUZ8CZ1FfZVxsOYIV9EnYHKbSniXJqzcYrC%2BG7CdK6LcMB2W0l0y16qfDVQki5CIpnZPsCItWzcop%2FmUUXM3S8IFbvtzKHRywC4un%2ByQhglXBfIkwZv4Vz1xnANF27G6OC0bumgdFG7veo15aLWyXLeDmNBm%2Fy%2FDAb5ICszocG4i18SQ%3D%3D","environmentVariables":{"FIREBASE_CONFIG":"{\"projectId\":\"javid-cb995\",\"storageBucket\":\"javid-cb995.firebasestorage.app\"}","GCLOUD_PROJECT":"javid-cb995","EVENTARC_CLOUD_EVENT_SOURCE":"projects/javid-cb995/locations/us-central1/functions/sendMessageNotification"},"runtime":"nodejs20","buildEnvironmentVariables":{"GOOGLE_NODE_RUN_SCRIPTS":""},"dockerRegistry":"ARTIFACT_REGISTRY"},"versionId":"1","updateTime":"2026-01-17T21:25:19.559306232Z","buildId":"7c19b36d-18a3-445a-b923-0f7f542896b7","buildName":"projects/545318849414/locations/us-central1/builds/7c19b36d-18a3-445a-b923-0f7f542896b7"}}
[debug] [2026-01-17T21:26:17.381Z] <<< [apiv2][status] GET https://cloudfunctions.googleapis.com/v1/operations/cHJvamVjdHMvamF2aWQtY2I5OTUvbG9jYXRpb25zL3VzLWNlbnRyYWwxL29wZXJhdGlvbnMvb3BlcmF0aW9uLTE3Njg2ODUxMTkxNzktNjQ4OWMxODNmOGM2YS1mMWVkMDI4Ny03Njk4OGY1MA 200
[debug] [2026-01-17T21:26:17.382Z] <<< [apiv2][body] GET https://cloudfunctions.googleapis.com/v1/operations/cHJvamVjdHMvamF2aWQtY2I5OTUvbG9jYXRpb25zL3VzLWNlbnRyYWwxL29wZXJhdGlvbnMvb3BlcmF0aW9uLTE3Njg2ODUxMTkxNzktNjQ4OWMxODNmOGM2YS1mMWVkMDI4Ny03Njk4OGY1MA {"name":"operations/cHJvamVjdHMvamF2aWQtY2I5OTUvbG9jYXRpb25zL3VzLWNlbnRyYWwxL29wZXJhdGlvbnMvb3BlcmF0aW9uLTE3Njg2ODUxMTkxNzktNjQ4OWMxODNmOGM2YS1mMWVkMDI4Ny03Njk4OGY1MA","metadata":{"@type":"type.googleapis.com/google.cloud.functions.v1.OperationMetadataV1","target":"projects/javid-cb995/locations/us-central1/functions/generateCloudinaryDeleteSignature","type":"CREATE_FUNCTION","request":{"@type":"type.googleapis.com/google.cloud.functions.v1.CloudFunction","name":"projects/javid-cb995/locations/us-central1/functions/generateCloudinaryDeleteSignature","httpsTrigger":{"securityLevel":"SECURE_ALWAYS"},"entryPoint":"generateCloudinaryDeleteSignature","updateTime":"1970-01-01T00:00:00Z","labels":{"deployment-tool":"cli-firebase","deployment-callable":"true","firebase-functions-hash":"623cdfe8af3df3dee68b255c04b6ba19cb854d39"},"sourceUploadUrl":"https://storage.googleapis.com/uploads-989081397812.us-central1.cloudfunctions.appspot.com/fc241be5-8c70-463a-9d07-c582ac5a1230.zip?GoogleAccessId=service-545318849414@gcf-admin-robot.iam.gserviceaccount.com&Expires=1768686848&Signature=tEozQjZByZ3RxsQ6ugfD2J9B%2F8cJxL4FnStD2XlSUQeGXEMfmoHuAbq2ynUnUvOk8pmU%2BBXiXQqRJP9bkrvrr3pJxe0VzweXdRXQFHPEzjvset1wK4e4dfFqtEEH5UOWquprvUjwz0sKaUvUygReNvsOmXe8QzaCpr7fwoUUZ8CZ1FfZVxsOYIV9EnYHKbSniXJqzcYrC%2BG7CdK6LcMB2W0l0y16qfDVQki5CIpnZPsCItWzcop%2FmUUXM3S8IFbvtzKHRywC4un%2ByQhglXBfIkwZv4Vz1xnANF27G6OC0bumgdFG7veo15aLWyXLeDmNBm%2Fy%2FDAb5ICszocG4i18SQ%3D%3D","environmentVariables":{"FIREBASE_CONFIG":"{\"projectId\":\"javid-cb995\",\"storageBucket\":\"javid-cb995.firebasestorage.app\"}","GCLOUD_PROJECT":"javid-cb995","EVENTARC_CLOUD_EVENT_SOURCE":"projects/javid-cb995/locations/us-central1/functions/generateCloudinaryDeleteSignature"},"runtime":"nodejs20","buildEnvironmentVariables":{"GOOGLE_NODE_RUN_SCRIPTS":""},"dockerRegistry":"ARTIFACT_REGISTRY"},"versionId":"1","updateTime":"2026-01-17T21:25:19.537159918Z","buildId":"dec76b6e-8eef-4455-996f-58f1284ccb4e","buildName":"projects/545318849414/locations/us-central1/builds/dec76b6e-8eef-4455-996f-58f1284ccb4e"}}
[debug] [2026-01-17T21:26:50.973Z] ----------------------------------------------------------------------
[debug] [2026-01-17T21:26:50.980Z] Command:       /usr/local/bin/firebase /Users/iliya/.cache/firebase/tools/lib/node_modules/firebase-tools/lib/bin/firebase deploy --only functions
[debug] [2026-01-17T21:26:50.980Z] CLI Version:   14.26.0
[debug] [2026-01-17T21:26:50.980Z] Platform:      darwin
[debug] [2026-01-17T21:26:50.980Z] Node Version:  v20.18.2
[debug] [2026-01-17T21:26:50.981Z] Time:          Sat Jan 17 2026 16:26:50 GMT-0500 (Eastern Standard Time)
[debug] [2026-01-17T21:26:50.981Z] ----------------------------------------------------------------------
[debug] 
[debug] [2026-01-17T21:26:51.133Z] > command requires scopes: ["email","openid","https://www.googleapis.com/auth/cloudplatformprojects.readonly","https://www.googleapis.com/auth/firebase","https://www.googleapis.com/auth/cloud-platform"]
[debug] [2026-01-17T21:26:51.134Z] > authorizing via signed-in user (iliyamahdidoust@gmail.com)
[debug] [2026-01-17T21:26:51.135Z] [iam] checking project javid-cb995 for permissions ["cloudfunctions.functions.create","cloudfunctions.functions.delete","cloudfunctions.functions.get","cloudfunctions.functions.list","cloudfunctions.functions.update","cloudfunctions.operations.get","firebase.projects.get"]
[debug] [2026-01-17T21:26:51.137Z] Checked if tokens are valid: true, expires at: 1768686904345
[debug] [2026-01-17T21:26:51.137Z] Checked if tokens are valid: true, expires at: 1768686904345
[debug] [2026-01-17T21:26:51.138Z] >>> [apiv2][query] POST https://cloudresourcemanager.googleapis.com/v1/projects/javid-cb995:testIamPermissions [none]
[debug] [2026-01-17T21:26:51.138Z] >>> [apiv2][(partial)header] POST https://cloudresourcemanager.googleapis.com/v1/projects/javid-cb995:testIamPermissions x-goog-quota-user=projects/javid-cb995
[debug] [2026-01-17T21:26:51.138Z] >>> [apiv2][body] POST https://cloudresourcemanager.googleapis.com/v1/projects/javid-cb995:testIamPermissions {"permissions":["cloudfunctions.functions.create","cloudfunctions.functions.delete","cloudfunctions.functions.get","cloudfunctions.functions.list","cloudfunctions.functions.update","cloudfunctions.operations.get","firebase.projects.get"]}
[debug] [2026-01-17T21:26:51.552Z] <<< [apiv2][status] POST https://cloudresourcemanager.googleapis.com/v1/projects/javid-cb995:testIamPermissions 200
[debug] [2026-01-17T21:26:51.553Z] <<< [apiv2][body] POST https://cloudresourcemanager.googleapis.com/v1/projects/javid-cb995:testIamPermissions {"permissions":["cloudfunctions.functions.create","cloudfunctions.functions.delete","cloudfunctions.functions.get","cloudfunctions.functions.list","cloudfunctions.functions.update","cloudfunctions.operations.get","firebase.projects.get"]}
[debug] [2026-01-17T21:26:51.554Z] Checked if tokens are valid: true, expires at: 1768686904345
[debug] [2026-01-17T21:26:51.554Z] Checked if tokens are valid: true, expires at: 1768686904345
[debug] [2026-01-17T21:26:51.554Z] >>> [apiv2][query] POST https://iam.googleapis.com/v1/projects/javid-cb995/serviceAccounts/javid-cb995@appspot.gserviceaccount.com:testIamPermissions [none]
[debug] [2026-01-17T21:26:51.554Z] >>> [apiv2][body] POST https://iam.googleapis.com/v1/projects/javid-cb995/serviceAccounts/javid-cb995@appspot.gserviceaccount.com:testIamPermissions {"permissions":["iam.serviceAccounts.actAs"]}
[debug] [2026-01-17T21:26:51.898Z] <<< [apiv2][status] POST https://iam.googleapis.com/v1/projects/javid-cb995/serviceAccounts/javid-cb995@appspot.gserviceaccount.com:testIamPermissions 200
[debug] [2026-01-17T21:26:51.899Z] <<< [apiv2][body] POST https://iam.googleapis.com/v1/projects/javid-cb995/serviceAccounts/javid-cb995@appspot.gserviceaccount.com:testIamPermissions {"permissions":["iam.serviceAccounts.actAs"]}
[info] 
[info] === Deploying to 'javid-cb995'...
[info] 
[info] i  deploying functions 
[debug] [2026-01-17T21:26:51.906Z] Checked if tokens are valid: true, expires at: 1768686904345
[debug] [2026-01-17T21:26:51.906Z] Checked if tokens are valid: true, expires at: 1768686904345
[debug] [2026-01-17T21:26:51.906Z] >>> [apiv2][query] GET https://cloudresourcemanager.googleapis.com/v1/projects/javid-cb995 [none]
[debug] [2026-01-17T21:26:52.007Z] <<< [apiv2][status] GET https://cloudresourcemanager.googleapis.com/v1/projects/javid-cb995 200
[debug] [2026-01-17T21:26:52.008Z] <<< [apiv2][body] GET https://cloudresourcemanager.googleapis.com/v1/projects/javid-cb995 {"projectNumber":"545318849414","projectId":"javid-cb995","lifecycleState":"ACTIVE","name":"Javid","labels":{"firebase":"enabled","firebase-core":"disabled"},"createTime":"2026-01-10T22:05:21.253957Z"}
[info] i  functions: preparing codebase default for deployment 
[info] i  functions: ensuring required API cloudfunctions.googleapis.com is enabled... 
[info] i  functions: ensuring required API cloudbuild.googleapis.com is enabled... 
[info] i  artifactregistry: ensuring required API artifactregistry.googleapis.com is enabled... 
[debug] [2026-01-17T21:26:52.013Z] Checked if tokens are valid: true, expires at: 1768686904345
[debug] [2026-01-17T21:26:52.013Z] Checked if tokens are valid: true, expires at: 1768686904345
[debug] [2026-01-17T21:26:52.013Z] >>> [apiv2][query] GET https://firebase.googleapis.com/v1beta1/projects/javid-cb995/adminSdkConfig [none]
[debug] [2026-01-17T21:26:52.464Z] <<< [apiv2][status] GET https://firebase.googleapis.com/v1beta1/projects/javid-cb995/adminSdkConfig 200
[debug] [2026-01-17T21:26:52.465Z] <<< [apiv2][body] GET https://firebase.googleapis.com/v1beta1/projects/javid-cb995/adminSdkConfig {"projectId":"javid-cb995","storageBucket":"javid-cb995.firebasestorage.app"}
[debug] [2026-01-17T21:26:52.472Z] Validating nodejs source
[debug] [2026-01-17T21:26:52.486Z] checkFunctionsSDKVersion was unable to fetch information from NPM Error: spawnSync npm Unknown system error -8
    at Object.spawnSync (node:internal/child_process:1123:20)
    at Object.spawnSync (node:child_process:877:24)
    at Object.spawnSync (pkg/prelude/bootstrap.js:2092:31)
    at Function.spawnSync [as sync] (/Users/iliya/.cache/firebase/tools/lib/node_modules/cross-spawn/index.js:26:23)
    at Object.getLatestSDKVersion (/Users/iliya/.cache/firebase/tools/lib/node_modules/firebase-tools/lib/deploy/functions/runtimes/node/versioning.js:54:25)
    at Object.checkFunctionsSDKVersion (/Users/iliya/.cache/firebase/tools/lib/node_modules/firebase-tools/lib/deploy/functions/runtimes/node/versioning.js:74:32)
    at Delegate.validate (/Users/iliya/.cache/firebase/tools/lib/node_modules/firebase-tools/lib/deploy/functions/runtimes/node/index.js:89:20)
    at loadCodebases (/Users/iliya/.cache/firebase/tools/lib/node_modules/firebase-tools/lib/deploy/functions/prepare.js:312:31)
    at async prepare (/Users/iliya/.cache/firebase/tools/lib/node_modules/firebase-tools/lib/deploy/functions/prepare.js:62:24)
    at async chain (/Users/iliya/.cache/firebase/tools/lib/node_modules/firebase-tools/lib/deploy/index.js:43:9)
[debug] [2026-01-17T21:26:52.487Z] > [functions] package.json contents: {
  "name": "functions",
  "description": "Cloud Functions for Firebase",
  "scripts": {
    "serve": "firebase emulators:start --only functions",
    "shell": "firebase functions:shell",
    "start": "npm run shell",
    "deploy": "firebase deploy --only functions",
    "logs": "firebase functions:log"
  },
  "engines": {
    "node": "20"
  },
  "main": "index.js",
  "dependencies": {
    "firebase-admin": "^12.0.0",
    "firebase-functions": "^5.0.0"
  },
  "devDependencies": {
    "firebase-functions-test": "^3.1.0"
  },
  "private": true
}
[debug] [2026-01-17T21:26:52.487Z] Building nodejs source
[info] i  functions: Loading and analyzing source code for codebase default to determine what to deploy 
[debug] [2026-01-17T21:26:52.491Z] Could not find functions.yaml. Must use http discovery
[debug] [2026-01-17T21:26:52.505Z] Found firebase-functions binary at '/Users/iliya/Projects/Javid/functions/node_modules/.bin/firebase-functions'
[info] Serving at port 8921

[debug] [2026-01-17T21:26:53.322Z] Got response from /__/functions.yaml {"endpoints":{"generateCloudinarySignature":{"platform":"gcfv1","labels":{},"availableMemoryMb":null,"timeoutSeconds":null,"minInstances":null,"maxInstances":null,"ingressSettings":null,"serviceAccountEmail":null,"vpc":null,"callableTrigger":{},"entryPoint":"generateCloudinarySignature"},"generateCloudinaryDeleteSignature":{"platform":"gcfv1","labels":{},"availableMemoryMb":null,"timeoutSeconds":null,"minInstances":null,"maxInstances":null,"ingressSettings":null,"serviceAccountEmail":null,"vpc":null,"callableTrigger":{},"entryPoint":"generateCloudinaryDeleteSignature"},"sendMessageNotification":{"platform":"gcfv1","availableMemoryMb":null,"timeoutSeconds":null,"minInstances":null,"maxInstances":null,"ingressSettings":null,"serviceAccountEmail":null,"vpc":null,"eventTrigger":{"eventType":"providers/cloud.firestore/eventTypes/document.update","eventFilters":{"resource":"projects/javid-cb995/databases/(default)/documents/conversations/{conversationId}"},"retry":false},"labels":{},"entryPoint":"sendMessageNotification"}},"specVersion":"v1alpha1","requiredAPIs":[],"extensions":{}}
[info] i  extensions: ensuring required API firebaseextensions.googleapis.com is enabled... 
[debug] [2026-01-17T21:26:57.402Z] > command requires scopes: ["email","openid","https://www.googleapis.com/auth/cloudplatformprojects.readonly","https://www.googleapis.com/auth/firebase","https://www.googleapis.com/auth/cloud-platform"]
[debug] [2026-01-17T21:26:57.402Z] > authorizing via signed-in user (iliyamahdidoust@gmail.com)
[debug] [2026-01-17T21:26:57.403Z] [iam] checking project javid-cb995 for permissions ["firebase.projects.get","firebaseextensions.instances.list"]
[debug] [2026-01-17T21:26:57.403Z] Checked if tokens are valid: true, expires at: 1768686904345
[debug] [2026-01-17T21:26:57.403Z] Checked if tokens are valid: true, expires at: 1768686904345
[debug] [2026-01-17T21:26:57.403Z] >>> [apiv2][query] POST https://cloudresourcemanager.googleapis.com/v1/projects/javid-cb995:testIamPermissions [none]
[debug] [2026-01-17T21:26:57.403Z] >>> [apiv2][(partial)header] POST https://cloudresourcemanager.googleapis.com/v1/projects/javid-cb995:testIamPermissions x-goog-quota-user=projects/javid-cb995
[debug] [2026-01-17T21:26:57.403Z] >>> [apiv2][body] POST https://cloudresourcemanager.googleapis.com/v1/projects/javid-cb995:testIamPermissions {"permissions":["firebase.projects.get","firebaseextensions.instances.list"]}
[debug] [2026-01-17T21:26:57.570Z] <<< [apiv2][status] POST https://cloudresourcemanager.googleapis.com/v1/projects/javid-cb995:testIamPermissions 200
[debug] [2026-01-17T21:26:57.574Z] <<< [apiv2][body] POST https://cloudresourcemanager.googleapis.com/v1/projects/javid-cb995:testIamPermissions {"permissions":["firebase.projects.get","firebaseextensions.instances.list"]}
[debug] [2026-01-17T21:26:57.575Z] Checked if tokens are valid: true, expires at: 1768686904345
[debug] [2026-01-17T21:26:57.575Z] Checked if tokens are valid: true, expires at: 1768686904345
[debug] [2026-01-17T21:26:57.577Z] >>> [apiv2][query] GET https://firebaseextensions.googleapis.com/v1beta/projects/javid-cb995/instances pageSize=100&pageToken=
[debug] [2026-01-17T21:26:57.893Z] <<< [apiv2][status] GET https://firebaseextensions.googleapis.com/v1beta/projects/javid-cb995/instances 200
[debug] [2026-01-17T21:26:57.894Z] <<< [apiv2][body] GET https://firebaseextensions.googleapis.com/v1beta/projects/javid-cb995/instances {}
[info] i  functions: preparing functions directory for uploading... 
[info] i  functions: packaged /Users/iliya/Projects/Javid/functions (31.54 KB) for uploading 
[debug] [2026-01-17T21:26:57.965Z] Checked if tokens are valid: true, expires at: 1768686904345
[debug] [2026-01-17T21:26:57.965Z] Checked if tokens are valid: true, expires at: 1768686904345
[debug] [2026-01-17T21:26:57.965Z] >>> [apiv2][query] GET https://cloudfunctions.googleapis.com/v1/projects/javid-cb995/locations/-/functions [none]
[debug] [2026-01-17T21:26:58.617Z] <<< [apiv2][status] GET https://cloudfunctions.googleapis.com/v1/projects/javid-cb995/locations/-/functions 200
[debug] [2026-01-17T21:26:58.618Z] <<< [apiv2][body] GET https://cloudfunctions.googleapis.com/v1/projects/javid-cb995/locations/-/functions {"functions":[{"name":"projects/javid-cb995/locations/us-central1/functions/generateCloudinarySignature","httpsTrigger":{"url":"https://us-central1-javid-cb995.cloudfunctions.net/generateCloudinarySignature","securityLevel":"SECURE_ALWAYS"},"status":"OFFLINE","entryPoint":"generateCloudinarySignature","timeout":"60s","availableMemoryMb":256,"serviceAccountEmail":"javid-cb995@appspot.gserviceaccount.com","updateTime":"2026-01-17T21:25:17.915689395Z","versionId":"1","labels":{"deployment-tool":"cli-firebase","deployment-callable":"true","firebase-functions-hash":"623cdfe8af3df3dee68b255c04b6ba19cb854d39"},"sourceUploadUrl":"https://storage.googleapis.com/uploads-989081397812.us-central1.cloudfunctions.appspot.com/fc241be5-8c70-463a-9d07-c582ac5a1230.zip","environmentVariables":{"FIREBASE_CONFIG":"{\"projectId\":\"javid-cb995\",\"storageBucket\":\"javid-cb995.firebasestorage.app\"}","GCLOUD_PROJECT":"javid-cb995","EVENTARC_CLOUD_EVENT_SOURCE":"projects/javid-cb995/locations/us-central1/functions/generateCloudinarySignature"},"runtime":"nodejs20","ingressSettings":"ALLOW_ALL","buildId":"d3a4560d-a227-4ff1-bbfe-5045e0be5d32","buildEnvironmentVariables":{"GOOGLE_NODE_RUN_SCRIPTS":""},"buildName":"projects/545318849414/locations/us-central1/builds/d3a4560d-a227-4ff1-bbfe-5045e0be5d32","dockerRegistry":"ARTIFACT_REGISTRY","automaticUpdatePolicy":{},"buildServiceAccount":"projects/javid-cb995/serviceAccounts/545318849414-compute@developer.gserviceaccount.com","satisfiesPzi":true},{"name":"projects/javid-cb995/locations/us-central1/functions/generateCloudinaryDeleteSignature","httpsTrigger":{"url":"https://us-central1-javid-cb995.cloudfunctions.net/generateCloudinaryDeleteSignature","securityLevel":"SECURE_ALWAYS"},"status":"OFFLINE","entryPoint":"generateCloudinaryDeleteSignature","timeout":"60s","availableMemoryMb":256,"serviceAccountEmail":"javid-cb995@appspot.gserviceaccount.com","updateTime":"2026-01-17T21:26:28.902649664Z","versionId":"1","labels":{"deployment-callable":"true","firebase-functions-hash":"623cdfe8af3df3dee68b255c04b6ba19cb854d39","deployment-tool":"cli-firebase"},"sourceUploadUrl":"https://storage.googleapis.com/uploads-989081397812.us-central1.cloudfunctions.appspot.com/fc241be5-8c70-463a-9d07-c582ac5a1230.zip","environmentVariables":{"FIREBASE_CONFIG":"{\"projectId\":\"javid-cb995\",\"storageBucket\":\"javid-cb995.firebasestorage.app\"}","GCLOUD_PROJECT":"javid-cb995","EVENTARC_CLOUD_EVENT_SOURCE":"projects/javid-cb995/locations/us-central1/functions/generateCloudinaryDeleteSignature"},"runtime":"nodejs20","ingressSettings":"ALLOW_ALL","buildId":"dec76b6e-8eef-4455-996f-58f1284ccb4e","buildEnvironmentVariables":{"GOOGLE_NODE_RUN_SCRIPTS":""},"buildName":"projects/545318849414/locations/us-central1/builds/dec76b6e-8eef-4455-996f-58f1284ccb4e","dockerRegistry":"ARTIFACT_REGISTRY","automaticUpdatePolicy":{},"buildServiceAccount":"projects/javid-cb995/serviceAccounts/545318849414-compute@developer.gserviceaccount.com","satisfiesPzi":true},{"name":"projects/javid-cb995/locations/us-central1/functions/sendMessageNotification","eventTrigger":{"eventType":"providers/cloud.firestore/eventTypes/document.update","resource":"projects/javid-cb995/databases/(default)/documents/conversations/{conversationId}","service":"firestore.googleapis.com","failurePolicy":{}},"status":"OFFLINE","entryPoint":"sendMessageNotification","timeout":"60s","availableMemoryMb":256,"serviceAccountEmail":"javid-cb995@appspot.gserviceaccount.com","updateTime":"2026-01-17T21:26:17.956316710Z","versionId":"1","labels":{"firebase-functions-hash":"623cdfe8af3df3dee68b255c04b6ba19cb854d39","deployment-tool":"cli-firebase"},"sourceUploadUrl":"https://storage.googleapis.com/uploads-989081397812.us-central1.cloudfunctions.appspot.com/fc241be5-8c70-463a-9d07-c582ac5a1230.zip","environmentVariables":{"FIREBASE_CONFIG":"{\"projectId\":\"javid-cb995\",\"storageBucket\":\"javid-cb995.firebasestorage.app\"}","GCLOUD_PROJECT":"javid-cb995","EVENTARC_CLOUD_EVENT_SOURCE":"projects/javid-cb995/locations/us-central1/functions/sendMessageNotification"},"runtime":"nodejs20","maxInstances":3000,"ingressSettings":"ALLOW_ALL","buildId":"7c19b36d-18a3-445a-b923-0f7f542896b7","buildEnvironmentVariables":{"GOOGLE_NODE_RUN_SCRIPTS":""},"buildName":"projects/545318849414/locations/us-central1/builds/7c19b36d-18a3-445a-b923-0f7f542896b7","dockerRegistry":"ARTIFACT_REGISTRY","automaticUpdatePolicy":{},"buildServiceAccount":"projects/javid-cb995/serviceAccounts/545318849414-compute@developer.gserviceaccount.com","satisfiesPzi":true}]}
[debug] [2026-01-17T21:26:58.622Z] Checked if tokens are valid: true, expires at: 1768686904345
[debug] [2026-01-17T21:26:58.622Z] Checked if tokens are valid: true, expires at: 1768686904345
[debug] [2026-01-17T21:26:58.623Z] >>> [apiv2][query] GET https://cloudfunctions.googleapis.com/v2/projects/javid-cb995/locations/-/functions filter=environment%3D%22GEN_2%22
[debug] [2026-01-17T21:26:59.123Z] <<< [apiv2][status] GET https://cloudfunctions.googleapis.com/v2/projects/javid-cb995/locations/-/functions 200
[debug] [2026-01-17T21:26:59.123Z] <<< [apiv2][body] GET https://cloudfunctions.googleapis.com/v2/projects/javid-cb995/locations/-/functions {}
[debug] [2026-01-17T21:26:59.132Z] Checked if tokens are valid: true, expires at: 1768686904345
[debug] [2026-01-17T21:26:59.132Z] Checked if tokens are valid: true, expires at: 1768686904345
[debug] [2026-01-17T21:26:59.133Z] >>> [apiv2][query] GET https://cloudresourcemanager.googleapis.com/v1/projects/javid-cb995 [none]
[debug] [2026-01-17T21:26:59.223Z] <<< [apiv2][status] GET https://cloudresourcemanager.googleapis.com/v1/projects/javid-cb995 200
[debug] [2026-01-17T21:26:59.224Z] <<< [apiv2][body] GET https://cloudresourcemanager.googleapis.com/v1/projects/javid-cb995 {"projectNumber":"545318849414","projectId":"javid-cb995","lifecycleState":"ACTIVE","name":"Javid","labels":{"firebase":"enabled","firebase-core":"disabled"},"createTime":"2026-01-10T22:05:21.253957Z"}
[debug] [2026-01-17T21:26:59.226Z] Checked if tokens are valid: true, expires at: 1768686904345
[debug] [2026-01-17T21:26:59.226Z] Checked if tokens are valid: true, expires at: 1768686904345
[debug] [2026-01-17T21:26:59.227Z] >>> [apiv2][query] GET https://cloudbilling.googleapis.com/v1/projects/javid-cb995/billingInfo [none]
[debug] [2026-01-17T21:26:59.474Z] <<< [apiv2][status] GET https://cloudbilling.googleapis.com/v1/projects/javid-cb995/billingInfo 200
[debug] [2026-01-17T21:26:59.474Z] <<< [apiv2][body] GET https://cloudbilling.googleapis.com/v1/projects/javid-cb995/billingInfo {"name":"projects/javid-cb995/billingInfo","projectId":"javid-cb995","billingAccountName":"billingAccounts/01309E-BB247D-9C6648","billingEnabled":true}
[debug] [2026-01-17T21:26:59.477Z] Checked if tokens are valid: true, expires at: 1768686904345
[debug] [2026-01-17T21:26:59.477Z] Checked if tokens are valid: true, expires at: 1768686904345
[debug] [2026-01-17T21:26:59.477Z] >>> [apiv2][query] POST https://cloudfunctions.googleapis.com/v1/projects/javid-cb995/locations/us-central1/functions:generateUploadUrl [none]
[debug] [2026-01-17T21:26:59.477Z] >>> [apiv2][body] POST https://cloudfunctions.googleapis.com/v1/projects/javid-cb995/locations/us-central1/functions:generateUploadUrl {}
[debug] [2026-01-17T21:26:59.994Z] <<< [apiv2][status] POST https://cloudfunctions.googleapis.com/v1/projects/javid-cb995/locations/us-central1/functions:generateUploadUrl 200
[debug] [2026-01-17T21:26:59.994Z] <<< [apiv2][body] POST https://cloudfunctions.googleapis.com/v1/projects/javid-cb995/locations/us-central1/functions:generateUploadUrl {"uploadUrl":"https://storage.googleapis.com/uploads-989081397812.us-central1.cloudfunctions.appspot.com/fd45327d-1370-4a5f-8932-f9ccc7c29846.zip?GoogleAccessId=service-545318849414@gcf-admin-robot.iam.gserviceaccount.com&Expires=1768687019&Signature=TlxXFd%2Bkl%2B6Jsk3pHuB%2Bh6KR6C22OHRp4s9U%2BD66YUWntOvqNcPPErXRyJCdrB8O4HjKkmIyUQiznBJVJRNXH5QBFM0t3%2BHlM4I9XXUiarhEt%2FcEr3eNJhSUVK4M9VW12JCIzGhU7FuduqlBxLhRoRry0IdrLQZelSLM88x0vgoklO7oO6UvjS%2FxIuURPjpcS%2FtG26RID0tzXOpw8MrKXn5B1AnUvAdAy0TtiWxTv9sMCTE1vB74fxgMjtqRqXI7i%2BI7pfA5rgBcBFIdcIUL%2F0FSauFuksQRJCgiaju6dfDmTlRTJUGMdvnSBGi%2BhR5neh8DB7cs%2BtzqKnhu%2F7qtjQ%3D%3D"}
[debug] [2026-01-17T21:26:59.997Z] >>> [apiv2][query] PUT https://storage.googleapis.com/uploads-989081397812.us-central1.cloudfunctions.appspot.com/fd45327d-1370-4a5f-8932-f9ccc7c29846.zip GoogleAccessId=service-545318849414%40gcf-admin-robot.iam.gserviceaccount.com&Expires=1768687019&Signature=TlxXFd%2Bkl%2B6Jsk3pHuB%2Bh6KR6C22OHRp4s9U%2BD66YUWntOvqNcPPErXRyJCdrB8O4HjKkmIyUQiznBJVJRNXH5QBFM0t3%2BHlM4I9XXUiarhEt%2FcEr3eNJhSUVK4M9VW12JCIzGhU7FuduqlBxLhRoRry0IdrLQZelSLM88x0vgoklO7oO6UvjS%2FxIuURPjpcS%2FtG26RID0tzXOpw8MrKXn5B1AnUvAdAy0TtiWxTv9sMCTE1vB74fxgMjtqRqXI7i%2BI7pfA5rgBcBFIdcIUL%2F0FSauFuksQRJCgiaju6dfDmTlRTJUGMdvnSBGi%2BhR5neh8DB7cs%2BtzqKnhu%2F7qtjQ%3D%3D
[debug] [2026-01-17T21:26:59.998Z] >>> [apiv2][body] PUT https://storage.googleapis.com/uploads-989081397812.us-central1.cloudfunctions.appspot.com/fd45327d-1370-4a5f-8932-f9ccc7c29846.zip [stream]
[debug] [2026-01-17T21:27:00.295Z] <<< [apiv2][status] PUT https://storage.googleapis.com/uploads-989081397812.us-central1.cloudfunctions.appspot.com/fd45327d-1370-4a5f-8932-f9ccc7c29846.zip 200
[debug] [2026-01-17T21:27:00.303Z] <<< [apiv2][body] PUT https://storage.googleapis.com/uploads-989081397812.us-central1.cloudfunctions.appspot.com/fd45327d-1370-4a5f-8932-f9ccc7c29846.zip [omitted]
[info] ✔  functions: functions source uploaded successfully 
[info] i  functions: updating Node.js 20 (1st Gen) function generateCloudinarySignature(us-central1)... 
[info] i  functions: updating Node.js 20 (1st Gen) function generateCloudinaryDeleteSignature(us-central1)... 
[info] i  functions: updating Node.js 20 (1st Gen) function sendMessageNotification(us-central1)... 
[debug] [2026-01-17T21:27:00.314Z] Checked if tokens are valid: true, expires at: 1768686904345
[debug] [2026-01-17T21:27:00.314Z] Checked if tokens are valid: true, expires at: 1768686904345
[debug] [2026-01-17T21:27:00.315Z] >>> [apiv2][query] PATCH https://cloudfunctions.googleapis.com/v1/projects/javid-cb995/locations/us-central1/functions/generateCloudinarySignature updateMask=name%2CsourceUploadUrl%2CentryPoint%2Cruntime%2CdockerRegistry%2Clabels%2ChttpsTrigger.securityLevel%2CminInstances%2CmaxInstances%2CingressSettings%2CenvironmentVariables%2CserviceAccountEmail%2CavailableMemoryMb%2Ctimeout%2CvpcConnector%2CvpcConnectorEgressSettings%2CsourceToken%2CbuildEnvironmentVariables
[debug] [2026-01-17T21:27:00.315Z] >>> [apiv2][body] PATCH https://cloudfunctions.googleapis.com/v1/projects/javid-cb995/locations/us-central1/functions/generateCloudinarySignature {"name":"projects/javid-cb995/locations/us-central1/functions/generateCloudinarySignature","sourceUploadUrl":"https://storage.googleapis.com/uploads-989081397812.us-central1.cloudfunctions.appspot.com/fd45327d-1370-4a5f-8932-f9ccc7c29846.zip?GoogleAccessId=service-545318849414@gcf-admin-robot.iam.gserviceaccount.com&Expires=1768687019&Signature=TlxXFd%2Bkl%2B6Jsk3pHuB%2Bh6KR6C22OHRp4s9U%2BD66YUWntOvqNcPPErXRyJCdrB8O4HjKkmIyUQiznBJVJRNXH5QBFM0t3%2BHlM4I9XXUiarhEt%2FcEr3eNJhSUVK4M9VW12JCIzGhU7FuduqlBxLhRoRry0IdrLQZelSLM88x0vgoklO7oO6UvjS%2FxIuURPjpcS%2FtG26RID0tzXOpw8MrKXn5B1AnUvAdAy0TtiWxTv9sMCTE1vB74fxgMjtqRqXI7i%2BI7pfA5rgBcBFIdcIUL%2F0FSauFuksQRJCgiaju6dfDmTlRTJUGMdvnSBGi%2BhR5neh8DB7cs%2BtzqKnhu%2F7qtjQ%3D%3D","entryPoint":"generateCloudinarySignature","runtime":"nodejs20","dockerRegistry":"ARTIFACT_REGISTRY","labels":{"deployment-tool":"cli-firebase","deployment-callable":"true","firebase-functions-hash":"623cdfe8af3df3dee68b255c04b6ba19cb854d39"},"httpsTrigger":{"securityLevel":"SECURE_ALWAYS"},"minInstances":null,"maxInstances":null,"ingressSettings":null,"environmentVariables":{"FIREBASE_CONFIG":"{\"projectId\":\"javid-cb995\",\"storageBucket\":\"javid-cb995.firebasestorage.app\"}","GCLOUD_PROJECT":"javid-cb995","EVENTARC_CLOUD_EVENT_SOURCE":"projects/javid-cb995/locations/us-central1/functions/generateCloudinarySignature"},"serviceAccountEmail":null,"availableMemoryMb":null,"timeout":null,"vpcConnector":null,"vpcConnectorEgressSettings":null,"buildEnvironmentVariables":{"GOOGLE_NODE_RUN_SCRIPTS":""}}
[debug] [2026-01-17T21:27:00.741Z] <<< [apiv2][status] PATCH https://cloudfunctions.googleapis.com/v1/projects/javid-cb995/locations/us-central1/functions/generateCloudinarySignature 200
[debug] [2026-01-17T21:27:00.742Z] <<< [apiv2][body] PATCH https://cloudfunctions.googleapis.com/v1/projects/javid-cb995/locations/us-central1/functions/generateCloudinarySignature {"name":"operations/amF2aWQtY2I5OTUvdXMtY2VudHJhbDEvZ2VuZXJhdGVDbG91ZGluYXJ5U2lnbmF0dXJlL3FfNDBETTBLMVFn","metadata":{"@type":"type.googleapis.com/google.cloud.functions.v1.OperationMetadataV1","target":"projects/javid-cb995/locations/us-central1/functions/generateCloudinarySignature","type":"UPDATE_FUNCTION","request":{"@type":"type.googleapis.com/google.cloud.functions.v1.CloudFunction","name":"projects/javid-cb995/locations/us-central1/functions/generateCloudinarySignature","httpsTrigger":{"url":"https://us-central1-javid-cb995.cloudfunctions.net/generateCloudinarySignature","securityLevel":"SECURE_ALWAYS"},"status":"OFFLINE","entryPoint":"generateCloudinarySignature","updateTime":"2026-01-17T21:25:16.472Z","versionId":"1","labels":{"deployment-tool":"cli-firebase","deployment-callable":"true","firebase-functions-hash":"623cdfe8af3df3dee68b255c04b6ba19cb854d39"},"sourceUploadUrl":"https://storage.googleapis.com/uploads-989081397812.us-central1.cloudfunctions.appspot.com/fd45327d-1370-4a5f-8932-f9ccc7c29846.zip?GoogleAccessId=service-545318849414@gcf-admin-robot.iam.gserviceaccount.com&Expires=1768687019&Signature=TlxXFd%2Bkl%2B6Jsk3pHuB%2Bh6KR6C22OHRp4s9U%2BD66YUWntOvqNcPPErXRyJCdrB8O4HjKkmIyUQiznBJVJRNXH5QBFM0t3%2BHlM4I9XXUiarhEt%2FcEr3eNJhSUVK4M9VW12JCIzGhU7FuduqlBxLhRoRry0IdrLQZelSLM88x0vgoklO7oO6UvjS%2FxIuURPjpcS%2FtG26RID0tzXOpw8MrKXn5B1AnUvAdAy0TtiWxTv9sMCTE1vB74fxgMjtqRqXI7i%2BI7pfA5rgBcBFIdcIUL%2F0FSauFuksQRJCgiaju6dfDmTlRTJUGMdvnSBGi%2BhR5neh8DB7cs%2BtzqKnhu%2F7qtjQ%3D%3D","environmentVariables":{"FIREBASE_CONFIG":"{\"projectId\":\"javid-cb995\",\"storageBucket\":\"javid-cb995.firebasestorage.app\"}","GCLOUD_PROJECT":"javid-cb995","EVENTARC_CLOUD_EVENT_SOURCE":"projects/javid-cb995/locations/us-central1/functions/generateCloudinarySignature"},"runtime":"nodejs20","buildId":"d3a4560d-a227-4ff1-bbfe-5045e0be5d32","buildEnvironmentVariables":{"GOOGLE_NODE_RUN_SCRIPTS":""},"buildName":"projects/545318849414/locations/us-central1/builds/d3a4560d-a227-4ff1-bbfe-5045e0be5d32","dockerRegistry":"ARTIFACT_REGISTRY","automaticUpdatePolicy":{},"buildServiceAccount":"projects/javid-cb995/serviceAccounts/545318849414-compute@developer.gserviceaccount.com"},"versionId":"2","updateTime":"2026-01-17T21:27:00Z"}}
[debug] [2026-01-17T21:27:00.743Z] Checked if tokens are valid: true, expires at: 1768686904345
[debug] [2026-01-17T21:27:00.743Z] Checked if tokens are valid: true, expires at: 1768686904345
[debug] [2026-01-17T21:27:00.743Z] >>> [apiv2][query] GET https://cloudfunctions.googleapis.com/v1/operations/amF2aWQtY2I5OTUvdXMtY2VudHJhbDEvZ2VuZXJhdGVDbG91ZGluYXJ5U2lnbmF0dXJlL3FfNDBETTBLMVFn [none]
[debug] [2026-01-17T21:27:00.894Z] <<< [apiv2][status] GET https://cloudfunctions.googleapis.com/v1/operations/amF2aWQtY2I5OTUvdXMtY2VudHJhbDEvZ2VuZXJhdGVDbG91ZGluYXJ5U2lnbmF0dXJlL3FfNDBETTBLMVFn 200
[debug] [2026-01-17T21:27:00.895Z] <<< [apiv2][body] GET https://cloudfunctions.googleapis.com/v1/operations/amF2aWQtY2I5OTUvdXMtY2VudHJhbDEvZ2VuZXJhdGVDbG91ZGluYXJ5U2lnbmF0dXJlL3FfNDBETTBLMVFn {"name":"operations/amF2aWQtY2I5OTUvdXMtY2VudHJhbDEvZ2VuZXJhdGVDbG91ZGluYXJ5U2lnbmF0dXJlL3FfNDBETTBLMVFn","metadata":{"@type":"type.googleapis.com/google.cloud.functions.v1.OperationMetadataV1","target":"projects/javid-cb995/locations/us-central1/functions/generateCloudinarySignature","type":"UPDATE_FUNCTION","request":{"@type":"type.googleapis.com/google.cloud.functions.v1.CloudFunction","name":"projects/javid-cb995/locations/us-central1/functions/generateCloudinarySignature","httpsTrigger":{"url":"https://us-central1-javid-cb995.cloudfunctions.net/generateCloudinarySignature","securityLevel":"SECURE_ALWAYS"},"status":"OFFLINE","entryPoint":"generateCloudinarySignature","updateTime":"2026-01-17T21:25:16.472Z","versionId":"1","labels":{"deployment-tool":"cli-firebase","deployment-callable":"true","firebase-functions-hash":"623cdfe8af3df3dee68b255c04b6ba19cb854d39"},"sourceUploadUrl":"https://storage.googleapis.com/uploads-989081397812.us-central1.cloudfunctions.appspot.com/fd45327d-1370-4a5f-8932-f9ccc7c29846.zip?GoogleAccessId=service-545318849414@gcf-admin-robot.iam.gserviceaccount.com&Expires=1768687019&Signature=TlxXFd%2Bkl%2B6Jsk3pHuB%2Bh6KR6C22OHRp4s9U%2BD66YUWntOvqNcPPErXRyJCdrB8O4HjKkmIyUQiznBJVJRNXH5QBFM0t3%2BHlM4I9XXUiarhEt%2FcEr3eNJhSUVK4M9VW12JCIzGhU7FuduqlBxLhRoRry0IdrLQZelSLM88x0vgoklO7oO6UvjS%2FxIuURPjpcS%2FtG26RID0tzXOpw8MrKXn5B1AnUvAdAy0TtiWxTv9sMCTE1vB74fxgMjtqRqXI7i%2BI7pfA5rgBcBFIdcIUL%2F0FSauFuksQRJCgiaju6dfDmTlRTJUGMdvnSBGi%2BhR5neh8DB7cs%2BtzqKnhu%2F7qtjQ%3D%3D","environmentVariables":{"FIREBASE_CONFIG":"{\"projectId\":\"javid-cb995\",\"storageBucket\":\"javid-cb995.firebasestorage.app\"}","GCLOUD_PROJECT":"javid-cb995","EVENTARC_CLOUD_EVENT_SOURCE":"projects/javid-cb995/locations/us-central1/functions/generateCloudinarySignature"},"runtime":"nodejs20","buildId":"d3a4560d-a227-4ff1-bbfe-5045e0be5d32","buildEnvironmentVariables":{"GOOGLE_NODE_RUN_SCRIPTS":""},"buildName":"projects/545318849414/locations/us-central1/builds/d3a4560d-a227-4ff1-bbfe-5045e0be5d32","dockerRegistry":"ARTIFACT_REGISTRY","automaticUpdatePolicy":{},"buildServiceAccount":"projects/javid-cb995/serviceAccounts/545318849414-compute@developer.gserviceaccount.com"},"versionId":"2","updateTime":"2026-01-17T21:27:00Z"}}
[debug] [2026-01-17T21:27:01.398Z] [update-default-us-central1-generateCloudinarySignature] Retrying task index 0
[debug] [2026-01-17T21:27:01.399Z] Checked if tokens are valid: true, expires at: 1768686904345
[debug] [2026-01-17T21:27:01.399Z] Checked if tokens are valid: true, expires at: 1768686904345
[debug] [2026-01-17T21:27:01.400Z] >>> [apiv2][query] GET https://cloudfunctions.googleapis.com/v1/operations/amF2aWQtY2I5OTUvdXMtY2VudHJhbDEvZ2VuZXJhdGVDbG91ZGluYXJ5U2lnbmF0dXJlL3FfNDBETTBLMVFn [none]
[debug] [2026-01-17T21:27:01.604Z] <<< [apiv2][status] GET https://cloudfunctions.googleapis.com/v1/operations/amF2aWQtY2I5OTUvdXMtY2VudHJhbDEvZ2VuZXJhdGVDbG91ZGluYXJ5U2lnbmF0dXJlL3FfNDBETTBLMVFn 200
[debug] [2026-01-17T21:27:01.605Z] <<< [apiv2][body] GET https://cloudfunctions.googleapis.com/v1/operations/amF2aWQtY2I5OTUvdXMtY2VudHJhbDEvZ2VuZXJhdGVDbG91ZGluYXJ5U2lnbmF0dXJlL3FfNDBETTBLMVFn {"name":"operations/amF2aWQtY2I5OTUvdXMtY2VudHJhbDEvZ2VuZXJhdGVDbG91ZGluYXJ5U2lnbmF0dXJlL3FfNDBETTBLMVFn","metadata":{"@type":"type.googleapis.com/google.cloud.functions.v1.OperationMetadataV1","target":"projects/javid-cb995/locations/us-central1/functions/generateCloudinarySignature","type":"UPDATE_FUNCTION","request":{"@type":"type.googleapis.com/google.cloud.functions.v1.CloudFunction","name":"projects/javid-cb995/locations/us-central1/functions/generateCloudinarySignature","httpsTrigger":{"url":"https://us-central1-javid-cb995.cloudfunctions.net/generateCloudinarySignature","securityLevel":"SECURE_ALWAYS"},"status":"OFFLINE","entryPoint":"generateCloudinarySignature","updateTime":"2026-01-17T21:25:16.472Z","versionId":"1","labels":{"deployment-tool":"cli-firebase","deployment-callable":"true","firebase-functions-hash":"623cdfe8af3df3dee68b255c04b6ba19cb854d39"},"sourceUploadUrl":"https://storage.googleapis.com/uploads-989081397812.us-central1.cloudfunctions.appspot.com/fd45327d-1370-4a5f-8932-f9ccc7c29846.zip?GoogleAccessId=service-545318849414@gcf-admin-robot.iam.gserviceaccount.com&Expires=1768687019&Signature=TlxXFd%2Bkl%2B6Jsk3pHuB%2Bh6KR6C22OHRp4s9U%2BD66YUWntOvqNcPPErXRyJCdrB8O4HjKkmIyUQiznBJVJRNXH5QBFM0t3%2BHlM4I9XXUiarhEt%2FcEr3eNJhSUVK4M9VW12JCIzGhU7FuduqlBxLhRoRry0IdrLQZelSLM88x0vgoklO7oO6UvjS%2FxIuURPjpcS%2FtG26RID0tzXOpw8MrKXn5B1AnUvAdAy0TtiWxTv9sMCTE1vB74fxgMjtqRqXI7i%2BI7pfA5rgBcBFIdcIUL%2F0FSauFuksQRJCgiaju6dfDmTlRTJUGMdvnSBGi%2BhR5neh8DB7cs%2BtzqKnhu%2F7qtjQ%3D%3D","environmentVariables":{"FIREBASE_CONFIG":"{\"projectId\":\"javid-cb995\",\"storageBucket\":\"javid-cb995.firebasestorage.app\"}","GCLOUD_PROJECT":"javid-cb995","EVENTARC_CLOUD_EVENT_SOURCE":"projects/javid-cb995/locations/us-central1/functions/generateCloudinarySignature"},"runtime":"nodejs20","buildId":"d3a4560d-a227-4ff1-bbfe-5045e0be5d32","buildEnvironmentVariables":{"GOOGLE_NODE_RUN_SCRIPTS":""},"buildName":"projects/545318849414/locations/us-central1/builds/d3a4560d-a227-4ff1-bbfe-5045e0be5d32","dockerRegistry":"ARTIFACT_REGISTRY","automaticUpdatePolicy":{},"buildServiceAccount":"projects/javid-cb995/serviceAccounts/545318849414-compute@developer.gserviceaccount.com"},"versionId":"2","updateTime":"2026-01-17T21:27:00Z","buildId":"2614afb3-a56e-479b-a950-947046751629","buildName":"projects/545318849414/locations/us-central1/builds/2614afb3-a56e-479b-a950-947046751629"}}
[debug] [2026-01-17T21:27:02.607Z] [update-default-us-central1-generateCloudinarySignature] Retrying task index 0
[debug] [2026-01-17T21:27:02.608Z] Checked if tokens are valid: true, expires at: 1768686904345
[debug] [2026-01-17T21:27:02.609Z] Checked if tokens are valid: true, expires at: 1768686904345
[debug] [2026-01-17T21:27:02.609Z] >>> [apiv2][query] GET https://cloudfunctions.googleapis.com/v1/operations/amF2aWQtY2I5OTUvdXMtY2VudHJhbDEvZ2VuZXJhdGVDbG91ZGluYXJ5U2lnbmF0dXJlL3FfNDBETTBLMVFn [none]
[debug] [2026-01-17T21:27:02.829Z] <<< [apiv2][status] GET https://cloudfunctions.googleapis.com/v1/operations/amF2aWQtY2I5OTUvdXMtY2VudHJhbDEvZ2VuZXJhdGVDbG91ZGluYXJ5U2lnbmF0dXJlL3FfNDBETTBLMVFn 200
[debug] [2026-01-17T21:27:02.830Z] <<< [apiv2][body] GET https://cloudfunctions.googleapis.com/v1/operations/amF2aWQtY2I5OTUvdXMtY2VudHJhbDEvZ2VuZXJhdGVDbG91ZGluYXJ5U2lnbmF0dXJlL3FfNDBETTBLMVFn {"name":"operations/amF2aWQtY2I5OTUvdXMtY2VudHJhbDEvZ2VuZXJhdGVDbG91ZGluYXJ5U2lnbmF0dXJlL3FfNDBETTBLMVFn","metadata":{"@type":"type.googleapis.com/google.cloud.functions.v1.OperationMetadataV1","target":"projects/javid-cb995/locations/us-central1/functions/generateCloudinarySignature","type":"UPDATE_FUNCTION","request":{"@type":"type.googleapis.com/google.cloud.functions.v1.CloudFunction","name":"projects/javid-cb995/locations/us-central1/functions/generateCloudinarySignature","httpsTrigger":{"url":"https://us-central1-javid-cb995.cloudfunctions.net/generateCloudinarySignature","securityLevel":"SECURE_ALWAYS"},"status":"OFFLINE","entryPoint":"generateCloudinarySignature","updateTime":"2026-01-17T21:25:16.472Z","versionId":"1","labels":{"deployment-tool":"cli-firebase","deployment-callable":"true","firebase-functions-hash":"623cdfe8af3df3dee68b255c04b6ba19cb854d39"},"sourceUploadUrl":"https://storage.googleapis.com/uploads-989081397812.us-central1.cloudfunctions.appspot.com/fd45327d-1370-4a5f-8932-f9ccc7c29846.zip?GoogleAccessId=service-545318849414@gcf-admin-robot.iam.gserviceaccount.com&Expires=1768687019&Signature=TlxXFd%2Bkl%2B6Jsk3pHuB%2Bh6KR6C22OHRp4s9U%2BD66YUWntOvqNcPPErXRyJCdrB8O4HjKkmIyUQiznBJVJRNXH5QBFM0t3%2BHlM4I9XXUiarhEt%2FcEr3eNJhSUVK4M9VW12JCIzGhU7FuduqlBxLhRoRry0IdrLQZelSLM88x0vgoklO7oO6UvjS%2FxIuURPjpcS%2FtG26RID0tzXOpw8MrKXn5B1AnUvAdAy0TtiWxTv9sMCTE1vB74fxgMjtqRqXI7i%2BI7pfA5rgBcBFIdcIUL%2F0FSauFuksQRJCgiaju6dfDmTlRTJUGMdvnSBGi%2BhR5neh8DB7cs%2BtzqKnhu%2F7qtjQ%3D%3D","environmentVariables":{"FIREBASE_CONFIG":"{\"projectId\":\"javid-cb995\",\"storageBucket\":\"javid-cb995.firebasestorage.app\"}","GCLOUD_PROJECT":"javid-cb995","EVENTARC_CLOUD_EVENT_SOURCE":"projects/javid-cb995/locations/us-central1/functions/generateCloudinarySignature"},"runtime":"nodejs20","buildId":"d3a4560d-a227-4ff1-bbfe-5045e0be5d32","buildEnvironmentVariables":{"GOOGLE_NODE_RUN_SCRIPTS":""},"buildName":"projects/545318849414/locations/us-central1/builds/d3a4560d-a227-4ff1-bbfe-5045e0be5d32","dockerRegistry":"ARTIFACT_REGISTRY","automaticUpdatePolicy":{},"buildServiceAccount":"projects/javid-cb995/serviceAccounts/545318849414-compute@developer.gserviceaccount.com"},"versionId":"2","updateTime":"2026-01-17T21:27:00Z","buildId":"2614afb3-a56e-479b-a950-947046751629","buildName":"projects/545318849414/locations/us-central1/builds/2614afb3-a56e-479b-a950-947046751629"}}
[debug] [2026-01-17T21:27:04.831Z] [update-default-us-central1-generateCloudinarySignature] Retrying task index 0
[debug] [2026-01-17T21:27:04.833Z] Checked if tokens are valid: true, expires at: 1768686904345
[debug] [2026-01-17T21:27:04.833Z] Checked if tokens are valid: true, expires at: 1768686904345
[debug] [2026-01-17T21:27:04.834Z] >>> [apiv2][query] GET https://cloudfunctions.googleapis.com/v1/operations/amF2aWQtY2I5OTUvdXMtY2VudHJhbDEvZ2VuZXJhdGVDbG91ZGluYXJ5U2lnbmF0dXJlL3FfNDBETTBLMVFn [none]
[debug] [2026-01-17T21:27:04.967Z] <<< [apiv2][status] GET https://cloudfunctions.googleapis.com/v1/operations/amF2aWQtY2I5OTUvdXMtY2VudHJhbDEvZ2VuZXJhdGVDbG91ZGluYXJ5U2lnbmF0dXJlL3FfNDBETTBLMVFn 200
[debug] [2026-01-17T21:27:04.968Z] <<< [apiv2][body] GET https://cloudfunctions.googleapis.com/v1/operations/amF2aWQtY2I5OTUvdXMtY2VudHJhbDEvZ2VuZXJhdGVDbG91ZGluYXJ5U2lnbmF0dXJlL3FfNDBETTBLMVFn {"name":"operations/amF2aWQtY2I5OTUvdXMtY2VudHJhbDEvZ2VuZXJhdGVDbG91ZGluYXJ5U2lnbmF0dXJlL3FfNDBETTBLMVFn","metadata":{"@type":"type.googleapis.com/google.cloud.functions.v1.OperationMetadataV1","target":"projects/javid-cb995/locations/us-central1/functions/generateCloudinarySignature","type":"UPDATE_FUNCTION","request":{"@type":"type.googleapis.com/google.cloud.functions.v1.CloudFunction","name":"projects/javid-cb995/locations/us-central1/functions/generateCloudinarySignature","httpsTrigger":{"url":"https://us-central1-javid-cb995.cloudfunctions.net/generateCloudinarySignature","securityLevel":"SECURE_ALWAYS"},"status":"OFFLINE","entryPoint":"generateCloudinarySignature","updateTime":"2026-01-17T21:25:16.472Z","versionId":"1","labels":{"deployment-tool":"cli-firebase","deployment-callable":"true","firebase-functions-hash":"623cdfe8af3df3dee68b255c04b6ba19cb854d39"},"sourceUploadUrl":"https://storage.googleapis.com/uploads-989081397812.us-central1.cloudfunctions.appspot.com/fd45327d-1370-4a5f-8932-f9ccc7c29846.zip?GoogleAccessId=service-545318849414@gcf-admin-robot.iam.gserviceaccount.com&Expires=1768687019&Signature=TlxXFd%2Bkl%2B6Jsk3pHuB%2Bh6KR6C22OHRp4s9U%2BD66YUWntOvqNcPPErXRyJCdrB8O4HjKkmIyUQiznBJVJRNXH5QBFM0t3%2BHlM4I9XXUiarhEt%2FcEr3eNJhSUVK4M9VW12JCIzGhU7FuduqlBxLhRoRry0IdrLQZelSLM88x0vgoklO7oO6UvjS%2FxIuURPjpcS%2FtG26RID0tzXOpw8MrKXn5B1AnUvAdAy0TtiWxTv9sMCTE1vB74fxgMjtqRqXI7i%2BI7pfA5rgBcBFIdcIUL%2F0FSauFuksQRJCgiaju6dfDmTlRTJUGMdvnSBGi%2BhR5neh8DB7cs%2BtzqKnhu%2F7qtjQ%3D%3D","environmentVariables":{"FIREBASE_CONFIG":"{\"projectId\":\"javid-cb995\",\"storageBucket\":\"javid-cb995.firebasestorage.app\"}","GCLOUD_PROJECT":"javid-cb995","EVENTARC_CLOUD_EVENT_SOURCE":"projects/javid-cb995/locations/us-central1/functions/generateCloudinarySignature"},"runtime":"nodejs20","buildId":"d3a4560d-a227-4ff1-bbfe-5045e0be5d32","buildEnvironmentVariables":{"GOOGLE_NODE_RUN_SCRIPTS":""},"buildName":"projects/545318849414/locations/us-central1/builds/d3a4560d-a227-4ff1-bbfe-5045e0be5d32","dockerRegistry":"ARTIFACT_REGISTRY","automaticUpdatePolicy":{},"buildServiceAccount":"projects/javid-cb995/serviceAccounts/545318849414-compute@developer.gserviceaccount.com"},"versionId":"2","updateTime":"2026-01-17T21:27:00Z","buildId":"2614afb3-a56e-479b-a950-947046751629","buildName":"projects/545318849414/locations/us-central1/builds/2614afb3-a56e-479b-a950-947046751629"}}
[debug] [2026-01-17T21:27:08.972Z] [update-default-us-central1-generateCloudinarySignature] Retrying task index 0
[debug] [2026-01-17T21:27:08.973Z] Checked if tokens are valid: true, expires at: 1768686904345
[debug] [2026-01-17T21:27:08.973Z] Checked if tokens are valid: true, expires at: 1768686904345
[debug] [2026-01-17T21:27:08.976Z] >>> [apiv2][query] GET https://cloudfunctions.googleapis.com/v1/operations/amF2aWQtY2I5OTUvdXMtY2VudHJhbDEvZ2VuZXJhdGVDbG91ZGluYXJ5U2lnbmF0dXJlL3FfNDBETTBLMVFn [none]
[debug] [2026-01-17T21:27:09.116Z] <<< [apiv2][status] GET https://cloudfunctions.googleapis.com/v1/operations/amF2aWQtY2I5OTUvdXMtY2VudHJhbDEvZ2VuZXJhdGVDbG91ZGluYXJ5U2lnbmF0dXJlL3FfNDBETTBLMVFn 200
[debug] [2026-01-17T21:27:09.116Z] <<< [apiv2][body] GET https://cloudfunctions.googleapis.com/v1/operations/amF2aWQtY2I5OTUvdXMtY2VudHJhbDEvZ2VuZXJhdGVDbG91ZGluYXJ5U2lnbmF0dXJlL3FfNDBETTBLMVFn {"name":"operations/amF2aWQtY2I5OTUvdXMtY2VudHJhbDEvZ2VuZXJhdGVDbG91ZGluYXJ5U2lnbmF0dXJlL3FfNDBETTBLMVFn","metadata":{"@type":"type.googleapis.com/google.cloud.functions.v1.OperationMetadataV1","target":"projects/javid-cb995/locations/us-central1/functions/generateCloudinarySignature","type":"UPDATE_FUNCTION","request":{"@type":"type.googleapis.com/google.cloud.functions.v1.CloudFunction","name":"projects/javid-cb995/locations/us-central1/functions/generateCloudinarySignature","httpsTrigger":{"url":"https://us-central1-javid-cb995.cloudfunctions.net/generateCloudinarySignature","securityLevel":"SECURE_ALWAYS"},"status":"OFFLINE","entryPoint":"generateCloudinarySignature","updateTime":"2026-01-17T21:25:16.472Z","versionId":"1","labels":{"deployment-tool":"cli-firebase","deployment-callable":"true","firebase-functions-hash":"623cdfe8af3df3dee68b255c04b6ba19cb854d39"},"sourceUploadUrl":"https://storage.googleapis.com/uploads-989081397812.us-central1.cloudfunctions.appspot.com/fd45327d-1370-4a5f-8932-f9ccc7c29846.zip?GoogleAccessId=service-545318849414@gcf-admin-robot.iam.gserviceaccount.com&Expires=1768687019&Signature=TlxXFd%2Bkl%2B6Jsk3pHuB%2Bh6KR6C22OHRp4s9U%2BD66YUWntOvqNcPPErXRyJCdrB8O4HjKkmIyUQiznBJVJRNXH5QBFM0t3%2BHlM4I9XXUiarhEt%2FcEr3eNJhSUVK4M9VW12JCIzGhU7FuduqlBxLhRoRry0IdrLQZelSLM88x0vgoklO7oO6UvjS%2FxIuURPjpcS%2FtG26RID0tzXOpw8MrKXn5B1AnUvAdAy0TtiWxTv9sMCTE1vB74fxgMjtqRqXI7i%2BI7pfA5rgBcBFIdcIUL%2F0FSauFuksQRJCgiaju6dfDmTlRTJUGMdvnSBGi%2BhR5neh8DB7cs%2BtzqKnhu%2F7qtjQ%3D%3D","environmentVariables":{"FIREBASE_CONFIG":"{\"projectId\":\"javid-cb995\",\"storageBucket\":\"javid-cb995.firebasestorage.app\"}","GCLOUD_PROJECT":"javid-cb995","EVENTARC_CLOUD_EVENT_SOURCE":"projects/javid-cb995/locations/us-central1/functions/generateCloudinarySignature"},"runtime":"nodejs20","buildId":"d3a4560d-a227-4ff1-bbfe-5045e0be5d32","buildEnvironmentVariables":{"GOOGLE_NODE_RUN_SCRIPTS":""},"buildName":"projects/545318849414/locations/us-central1/builds/d3a4560d-a227-4ff1-bbfe-5045e0be5d32","dockerRegistry":"ARTIFACT_REGISTRY","automaticUpdatePolicy":{},"buildServiceAccount":"projects/javid-cb995/serviceAccounts/545318849414-compute@developer.gserviceaccount.com"},"versionId":"2","updateTime":"2026-01-17T21:27:00Z","buildId":"2614afb3-a56e-479b-a950-947046751629","buildName":"projects/545318849414/locations/us-central1/builds/2614afb3-a56e-479b-a950-947046751629"}}
[debug] [2026-01-17T21:27:17.118Z] [update-default-us-central1-generateCloudinarySignature] Retrying task index 0
[debug] [2026-01-17T21:27:17.119Z] Checked if tokens are valid: true, expires at: 1768686904345
[debug] [2026-01-17T21:27:17.120Z] Checked if tokens are valid: true, expires at: 1768686904345
[debug] [2026-01-17T21:27:17.121Z] >>> [apiv2][query] GET https://cloudfunctions.googleapis.com/v1/operations/amF2aWQtY2I5OTUvdXMtY2VudHJhbDEvZ2VuZXJhdGVDbG91ZGluYXJ5U2lnbmF0dXJlL3FfNDBETTBLMVFn [none]
[debug] [2026-01-17T21:27:17.396Z] <<< [apiv2][status] GET https://cloudfunctions.googleapis.com/v1/operations/amF2aWQtY2I5OTUvdXMtY2VudHJhbDEvZ2VuZXJhdGVDbG91ZGluYXJ5U2lnbmF0dXJlL3FfNDBETTBLMVFn 200
[debug] [2026-01-17T21:27:17.397Z] <<< [apiv2][body] GET https://cloudfunctions.googleapis.com/v1/operations/amF2aWQtY2I5OTUvdXMtY2VudHJhbDEvZ2VuZXJhdGVDbG91ZGluYXJ5U2lnbmF0dXJlL3FfNDBETTBLMVFn {"name":"operations/amF2aWQtY2I5OTUvdXMtY2VudHJhbDEvZ2VuZXJhdGVDbG91ZGluYXJ5U2lnbmF0dXJlL3FfNDBETTBLMVFn","metadata":{"@type":"type.googleapis.com/google.cloud.functions.v1.OperationMetadataV1","target":"projects/javid-cb995/locations/us-central1/functions/generateCloudinarySignature","type":"UPDATE_FUNCTION","request":{"@type":"type.googleapis.com/google.cloud.functions.v1.CloudFunction","name":"projects/javid-cb995/locations/us-central1/functions/generateCloudinarySignature","httpsTrigger":{"url":"https://us-central1-javid-cb995.cloudfunctions.net/generateCloudinarySignature","securityLevel":"SECURE_ALWAYS"},"status":"OFFLINE","entryPoint":"generateCloudinarySignature","updateTime":"2026-01-17T21:25:16.472Z","versionId":"1","labels":{"deployment-tool":"cli-firebase","deployment-callable":"true","firebase-functions-hash":"623cdfe8af3df3dee68b255c04b6ba19cb854d39"},"sourceUploadUrl":"https://storage.googleapis.com/uploads-989081397812.us-central1.cloudfunctions.appspot.com/fd45327d-1370-4a5f-8932-f9ccc7c29846.zip?GoogleAccessId=service-545318849414@gcf-admin-robot.iam.gserviceaccount.com&Expires=1768687019&Signature=TlxXFd%2Bkl%2B6Jsk3pHuB%2Bh6KR6C22OHRp4s9U%2BD66YUWntOvqNcPPErXRyJCdrB8O4HjKkmIyUQiznBJVJRNXH5QBFM0t3%2BHlM4I9XXUiarhEt%2FcEr3eNJhSUVK4M9VW12JCIzGhU7FuduqlBxLhRoRry0IdrLQZelSLM88x0vgoklO7oO6UvjS%2FxIuURPjpcS%2FtG26RID0tzXOpw8MrKXn5B1AnUvAdAy0TtiWxTv9sMCTE1vB74fxgMjtqRqXI7i%2BI7pfA5rgBcBFIdcIUL%2F0FSauFuksQRJCgiaju6dfDmTlRTJUGMdvnSBGi%2BhR5neh8DB7cs%2BtzqKnhu%2F7qtjQ%3D%3D","environmentVariables":{"FIREBASE_CONFIG":"{\"projectId\":\"javid-cb995\",\"storageBucket\":\"javid-cb995.firebasestorage.app\"}","GCLOUD_PROJECT":"javid-cb995","EVENTARC_CLOUD_EVENT_SOURCE":"projects/javid-cb995/locations/us-central1/functions/generateCloudinarySignature"},"runtime":"nodejs20","buildId":"d3a4560d-a227-4ff1-bbfe-5045e0be5d32","buildEnvironmentVariables":{"GOOGLE_NODE_RUN_SCRIPTS":""},"buildName":"projects/545318849414/locations/us-central1/builds/d3a4560d-a227-4ff1-bbfe-5045e0be5d32","dockerRegistry":"ARTIFACT_REGISTRY","automaticUpdatePolicy":{},"buildServiceAccount":"projects/javid-cb995/serviceAccounts/545318849414-compute@developer.gserviceaccount.com"},"versionId":"2","updateTime":"2026-01-17T21:27:00Z","buildId":"2614afb3-a56e-479b-a950-947046751629","buildName":"projects/545318849414/locations/us-central1/builds/2614afb3-a56e-479b-a950-947046751629"}}
[debug] [2026-01-17T21:27:27.400Z] [update-default-us-central1-generateCloudinarySignature] Retrying task index 0
[debug] [2026-01-17T21:27:27.401Z] Checked if tokens are valid: true, expires at: 1768686904345
[debug] [2026-01-17T21:27:27.401Z] Checked if tokens are valid: true, expires at: 1768686904345
[debug] [2026-01-17T21:27:27.402Z] >>> [apiv2][query] GET https://cloudfunctions.googleapis.com/v1/operations/amF2aWQtY2I5OTUvdXMtY2VudHJhbDEvZ2VuZXJhdGVDbG91ZGluYXJ5U2lnbmF0dXJlL3FfNDBETTBLMVFn [none]
[debug] [2026-01-17T21:27:27.716Z] <<< [apiv2][status] GET https://cloudfunctions.googleapis.com/v1/operations/amF2aWQtY2I5OTUvdXMtY2VudHJhbDEvZ2VuZXJhdGVDbG91ZGluYXJ5U2lnbmF0dXJlL3FfNDBETTBLMVFn 200
[debug] [2026-01-17T21:27:27.717Z] <<< [apiv2][body] GET https://cloudfunctions.googleapis.com/v1/operations/amF2aWQtY2I5OTUvdXMtY2VudHJhbDEvZ2VuZXJhdGVDbG91ZGluYXJ5U2lnbmF0dXJlL3FfNDBETTBLMVFn {"name":"operations/amF2aWQtY2I5OTUvdXMtY2VudHJhbDEvZ2VuZXJhdGVDbG91ZGluYXJ5U2lnbmF0dXJlL3FfNDBETTBLMVFn","metadata":{"@type":"type.googleapis.com/google.cloud.functions.v1.OperationMetadataV1","target":"projects/javid-cb995/locations/us-central1/functions/generateCloudinarySignature","type":"UPDATE_FUNCTION","request":{"@type":"type.googleapis.com/google.cloud.functions.v1.CloudFunction","name":"projects/javid-cb995/locations/us-central1/functions/generateCloudinarySignature","httpsTrigger":{"url":"https://us-central1-javid-cb995.cloudfunctions.net/generateCloudinarySignature","securityLevel":"SECURE_ALWAYS"},"status":"OFFLINE","entryPoint":"generateCloudinarySignature","updateTime":"2026-01-17T21:25:16.472Z","versionId":"1","labels":{"deployment-tool":"cli-firebase","deployment-callable":"true","firebase-functions-hash":"623cdfe8af3df3dee68b255c04b6ba19cb854d39"},"sourceUploadUrl":"https://storage.googleapis.com/uploads-989081397812.us-central1.cloudfunctions.appspot.com/fd45327d-1370-4a5f-8932-f9ccc7c29846.zip?GoogleAccessId=service-545318849414@gcf-admin-robot.iam.gserviceaccount.com&Expires=1768687019&Signature=TlxXFd%2Bkl%2B6Jsk3pHuB%2Bh6KR6C22OHRp4s9U%2BD66YUWntOvqNcPPErXRyJCdrB8O4HjKkmIyUQiznBJVJRNXH5QBFM0t3%2BHlM4I9XXUiarhEt%2FcEr3eNJhSUVK4M9VW12JCIzGhU7FuduqlBxLhRoRry0IdrLQZelSLM88x0vgoklO7oO6UvjS%2FxIuURPjpcS%2FtG26RID0tzXOpw8MrKXn5B1AnUvAdAy0TtiWxTv9sMCTE1vB74fxgMjtqRqXI7i%2BI7pfA5rgBcBFIdcIUL%2F0FSauFuksQRJCgiaju6dfDmTlRTJUGMdvnSBGi%2BhR5neh8DB7cs%2BtzqKnhu%2F7qtjQ%3D%3D","environmentVariables":{"FIREBASE_CONFIG":"{\"projectId\":\"javid-cb995\",\"storageBucket\":\"javid-cb995.firebasestorage.app\"}","GCLOUD_PROJECT":"javid-cb995","EVENTARC_CLOUD_EVENT_SOURCE":"projects/javid-cb995/locations/us-central1/functions/generateCloudinarySignature"},"runtime":"nodejs20","buildId":"d3a4560d-a227-4ff1-bbfe-5045e0be5d32","buildEnvironmentVariables":{"GOOGLE_NODE_RUN_SCRIPTS":""},"buildName":"projects/545318849414/locations/us-central1/builds/d3a4560d-a227-4ff1-bbfe-5045e0be5d32","dockerRegistry":"ARTIFACT_REGISTRY","automaticUpdatePolicy":{},"buildServiceAccount":"projects/javid-cb995/serviceAccounts/545318849414-compute@developer.gserviceaccount.com"},"versionId":"2","updateTime":"2026-01-17T21:27:00Z","buildId":"2614afb3-a56e-479b-a950-947046751629","buildName":"projects/545318849414/locations/us-central1/builds/2614afb3-a56e-479b-a950-947046751629"}}
[debug] [2026-01-17T21:27:37.718Z] [update-default-us-central1-generateCloudinarySignature] Retrying task index 0
[debug] [2026-01-17T21:27:37.719Z] Checked if tokens are valid: true, expires at: 1768686904345
[debug] [2026-01-17T21:27:37.720Z] Checked if tokens are valid: true, expires at: 1768686904345
[debug] [2026-01-17T21:27:37.720Z] >>> [apiv2][query] GET https://cloudfunctions.googleapis.com/v1/operations/amF2aWQtY2I5OTUvdXMtY2VudHJhbDEvZ2VuZXJhdGVDbG91ZGluYXJ5U2lnbmF0dXJlL3FfNDBETTBLMVFn [none]
[debug] [2026-01-17T21:27:37.999Z] <<< [apiv2][status] GET https://cloudfunctions.googleapis.com/v1/operations/amF2aWQtY2I5OTUvdXMtY2VudHJhbDEvZ2VuZXJhdGVDbG91ZGluYXJ5U2lnbmF0dXJlL3FfNDBETTBLMVFn 200
[debug] [2026-01-17T21:27:38.000Z] <<< [apiv2][body] GET https://cloudfunctions.googleapis.com/v1/operations/amF2aWQtY2I5OTUvdXMtY2VudHJhbDEvZ2VuZXJhdGVDbG91ZGluYXJ5U2lnbmF0dXJlL3FfNDBETTBLMVFn {"name":"operations/amF2aWQtY2I5OTUvdXMtY2VudHJhbDEvZ2VuZXJhdGVDbG91ZGluYXJ5U2lnbmF0dXJlL3FfNDBETTBLMVFn","metadata":{"@type":"type.googleapis.com/google.cloud.functions.v1.OperationMetadataV1","target":"projects/javid-cb995/locations/us-central1/functions/generateCloudinarySignature","type":"UPDATE_FUNCTION","request":{"@type":"type.googleapis.com/google.cloud.functions.v1.CloudFunction","name":"projects/javid-cb995/locations/us-central1/functions/generateCloudinarySignature","httpsTrigger":{"url":"https://us-central1-javid-cb995.cloudfunctions.net/generateCloudinarySignature","securityLevel":"SECURE_ALWAYS"},"status":"OFFLINE","entryPoint":"generateCloudinarySignature","updateTime":"2026-01-17T21:25:16.472Z","versionId":"1","labels":{"deployment-tool":"cli-firebase","deployment-callable":"true","firebase-functions-hash":"623cdfe8af3df3dee68b255c04b6ba19cb854d39"},"sourceUploadUrl":"https://storage.googleapis.com/uploads-989081397812.us-central1.cloudfunctions.appspot.com/fd45327d-1370-4a5f-8932-f9ccc7c29846.zip?GoogleAccessId=service-545318849414@gcf-admin-robot.iam.gserviceaccount.com&Expires=1768687019&Signature=TlxXFd%2Bkl%2B6Jsk3pHuB%2Bh6KR6C22OHRp4s9U%2BD66YUWntOvqNcPPErXRyJCdrB8O4HjKkmIyUQiznBJVJRNXH5QBFM0t3%2BHlM4I9XXUiarhEt%2FcEr3eNJhSUVK4M9VW12JCIzGhU7FuduqlBxLhRoRry0IdrLQZelSLM88x0vgoklO7oO6UvjS%2FxIuURPjpcS%2FtG26RID0tzXOpw8MrKXn5B1AnUvAdAy0TtiWxTv9sMCTE1vB74fxgMjtqRqXI7i%2BI7pfA5rgBcBFIdcIUL%2F0FSauFuksQRJCgiaju6dfDmTlRTJUGMdvnSBGi%2BhR5neh8DB7cs%2BtzqKnhu%2F7qtjQ%3D%3D","environmentVariables":{"FIREBASE_CONFIG":"{\"projectId\":\"javid-cb995\",\"storageBucket\":\"javid-cb995.firebasestorage.app\"}","GCLOUD_PROJECT":"javid-cb995","EVENTARC_CLOUD_EVENT_SOURCE":"projects/javid-cb995/locations/us-central1/functions/generateCloudinarySignature"},"runtime":"nodejs20","buildId":"d3a4560d-a227-4ff1-bbfe-5045e0be5d32","buildEnvironmentVariables":{"GOOGLE_NODE_RUN_SCRIPTS":""},"buildName":"projects/545318849414/locations/us-central1/builds/d3a4560d-a227-4ff1-bbfe-5045e0be5d32","dockerRegistry":"ARTIFACT_REGISTRY","automaticUpdatePolicy":{},"buildServiceAccount":"projects/javid-cb995/serviceAccounts/545318849414-compute@developer.gserviceaccount.com"},"versionId":"2","updateTime":"2026-01-17T21:27:00Z","buildId":"2614afb3-a56e-479b-a950-947046751629","buildName":"projects/545318849414/locations/us-central1/builds/2614afb3-a56e-479b-a950-947046751629"}}
[debug] [2026-01-17T21:27:48.002Z] [update-default-us-central1-generateCloudinarySignature] Retrying task index 0
[debug] [2026-01-17T21:27:48.003Z] Checked if tokens are valid: true, expires at: 1768686904345
[debug] [2026-01-17T21:27:48.003Z] Checked if tokens are valid: true, expires at: 1768686904345
[debug] [2026-01-17T21:27:48.003Z] >>> [apiv2][query] GET https://cloudfunctions.googleapis.com/v1/operations/amF2aWQtY2I5OTUvdXMtY2VudHJhbDEvZ2VuZXJhdGVDbG91ZGluYXJ5U2lnbmF0dXJlL3FfNDBETTBLMVFn [none]
[debug] [2026-01-17T21:27:48.318Z] <<< [apiv2][status] GET https://cloudfunctions.googleapis.com/v1/operations/amF2aWQtY2I5OTUvdXMtY2VudHJhbDEvZ2VuZXJhdGVDbG91ZGluYXJ5U2lnbmF0dXJlL3FfNDBETTBLMVFn 200
[debug] [2026-01-17T21:27:48.319Z] <<< [apiv2][body] GET https://cloudfunctions.googleapis.com/v1/operations/amF2aWQtY2I5OTUvdXMtY2VudHJhbDEvZ2VuZXJhdGVDbG91ZGluYXJ5U2lnbmF0dXJlL3FfNDBETTBLMVFn {"name":"operations/amF2aWQtY2I5OTUvdXMtY2VudHJhbDEvZ2VuZXJhdGVDbG91ZGluYXJ5U2lnbmF0dXJlL3FfNDBETTBLMVFn","metadata":{"@type":"type.googleapis.com/google.cloud.functions.v1.OperationMetadataV1","target":"projects/javid-cb995/locations/us-central1/functions/generateCloudinarySignature","type":"UPDATE_FUNCTION","request":{"@type":"type.googleapis.com/google.cloud.functions.v1.CloudFunction","name":"projects/javid-cb995/locations/us-central1/functions/generateCloudinarySignature","httpsTrigger":{"url":"https://us-central1-javid-cb995.cloudfunctions.net/generateCloudinarySignature","securityLevel":"SECURE_ALWAYS"},"status":"OFFLINE","entryPoint":"generateCloudinarySignature","updateTime":"2026-01-17T21:25:16.472Z","versionId":"1","labels":{"deployment-tool":"cli-firebase","deployment-callable":"true","firebase-functions-hash":"623cdfe8af3df3dee68b255c04b6ba19cb854d39"},"sourceUploadUrl":"https://storage.googleapis.com/uploads-989081397812.us-central1.cloudfunctions.appspot.com/fd45327d-1370-4a5f-8932-f9ccc7c29846.zip?GoogleAccessId=service-545318849414@gcf-admin-robot.iam.gserviceaccount.com&Expires=1768687019&Signature=TlxXFd%2Bkl%2B6Jsk3pHuB%2Bh6KR6C22OHRp4s9U%2BD66YUWntOvqNcPPErXRyJCdrB8O4HjKkmIyUQiznBJVJRNXH5QBFM0t3%2BHlM4I9XXUiarhEt%2FcEr3eNJhSUVK4M9VW12JCIzGhU7FuduqlBxLhRoRry0IdrLQZelSLM88x0vgoklO7oO6UvjS%2FxIuURPjpcS%2FtG26RID0tzXOpw8MrKXn5B1AnUvAdAy0TtiWxTv9sMCTE1vB74fxgMjtqRqXI7i%2BI7pfA5rgBcBFIdcIUL%2F0FSauFuksQRJCgiaju6dfDmTlRTJUGMdvnSBGi%2BhR5neh8DB7cs%2BtzqKnhu%2F7qtjQ%3D%3D","environmentVariables":{"FIREBASE_CONFIG":"{\"projectId\":\"javid-cb995\",\"storageBucket\":\"javid-cb995.firebasestorage.app\"}","GCLOUD_PROJECT":"javid-cb995","EVENTARC_CLOUD_EVENT_SOURCE":"projects/javid-cb995/locations/us-central1/functions/generateCloudinarySignature"},"runtime":"nodejs20","buildId":"d3a4560d-a227-4ff1-bbfe-5045e0be5d32","buildEnvironmentVariables":{"GOOGLE_NODE_RUN_SCRIPTS":""},"buildName":"projects/545318849414/locations/us-central1/builds/d3a4560d-a227-4ff1-bbfe-5045e0be5d32","dockerRegistry":"ARTIFACT_REGISTRY","automaticUpdatePolicy":{},"buildServiceAccount":"projects/javid-cb995/serviceAccounts/545318849414-compute@developer.gserviceaccount.com"},"versionId":"2","updateTime":"2026-01-17T21:27:00Z","buildId":"2614afb3-a56e-479b-a950-947046751629","buildName":"projects/545318849414/locations/us-central1/builds/2614afb3-a56e-479b-a950-947046751629"}}
[debug] [2026-01-17T21:27:58.321Z] [update-default-us-central1-generateCloudinarySignature] Retrying task index 0
[debug] [2026-01-17T21:27:58.322Z] Checked if tokens are valid: true, expires at: 1768686904345
[debug] [2026-01-17T21:27:58.323Z] Checked if tokens are valid: true, expires at: 1768686904345
[debug] [2026-01-17T21:27:58.323Z] >>> [apiv2][query] GET https://cloudfunctions.googleapis.com/v1/operations/amF2aWQtY2I5OTUvdXMtY2VudHJhbDEvZ2VuZXJhdGVDbG91ZGluYXJ5U2lnbmF0dXJlL3FfNDBETTBLMVFn [none]
[debug] [2026-01-17T21:27:58.544Z] <<< [apiv2][status] GET https://cloudfunctions.googleapis.com/v1/operations/amF2aWQtY2I5OTUvdXMtY2VudHJhbDEvZ2VuZXJhdGVDbG91ZGluYXJ5U2lnbmF0dXJlL3FfNDBETTBLMVFn 200
[debug] [2026-01-17T21:27:58.545Z] <<< [apiv2][body] GET https://cloudfunctions.googleapis.com/v1/operations/amF2aWQtY2I5OTUvdXMtY2VudHJhbDEvZ2VuZXJhdGVDbG91ZGluYXJ5U2lnbmF0dXJlL3FfNDBETTBLMVFn {"name":"operations/amF2aWQtY2I5OTUvdXMtY2VudHJhbDEvZ2VuZXJhdGVDbG91ZGluYXJ5U2lnbmF0dXJlL3FfNDBETTBLMVFn","metadata":{"@type":"type.googleapis.com/google.cloud.functions.v1.OperationMetadataV1","target":"projects/javid-cb995/locations/us-central1/functions/generateCloudinarySignature","type":"UPDATE_FUNCTION","request":{"@type":"type.googleapis.com/google.cloud.functions.v1.CloudFunction","name":"projects/javid-cb995/locations/us-central1/functions/generateCloudinarySignature","httpsTrigger":{"url":"https://us-central1-javid-cb995.cloudfunctions.net/generateCloudinarySignature","securityLevel":"SECURE_ALWAYS"},"status":"OFFLINE","entryPoint":"generateCloudinarySignature","updateTime":"2026-01-17T21:25:16.472Z","versionId":"1","labels":{"deployment-tool":"cli-firebase","deployment-callable":"true","firebase-functions-hash":"623cdfe8af3df3dee68b255c04b6ba19cb854d39"},"sourceUploadUrl":"https://storage.googleapis.com/uploads-989081397812.us-central1.cloudfunctions.appspot.com/fd45327d-1370-4a5f-8932-f9ccc7c29846.zip?GoogleAccessId=service-545318849414@gcf-admin-robot.iam.gserviceaccount.com&Expires=1768687019&Signature=TlxXFd%2Bkl%2B6Jsk3pHuB%2Bh6KR6C22OHRp4s9U%2BD66YUWntOvqNcPPErXRyJCdrB8O4HjKkmIyUQiznBJVJRNXH5QBFM0t3%2BHlM4I9XXUiarhEt%2FcEr3eNJhSUVK4M9VW12JCIzGhU7FuduqlBxLhRoRry0IdrLQZelSLM88x0vgoklO7oO6UvjS%2FxIuURPjpcS%2FtG26RID0tzXOpw8MrKXn5B1AnUvAdAy0TtiWxTv9sMCTE1vB74fxgMjtqRqXI7i%2BI7pfA5rgBcBFIdcIUL%2F0FSauFuksQRJCgiaju6dfDmTlRTJUGMdvnSBGi%2BhR5neh8DB7cs%2BtzqKnhu%2F7qtjQ%3D%3D","environmentVariables":{"FIREBASE_CONFIG":"{\"projectId\":\"javid-cb995\",\"storageBucket\":\"javid-cb995.firebasestorage.app\"}","GCLOUD_PROJECT":"javid-cb995","EVENTARC_CLOUD_EVENT_SOURCE":"projects/javid-cb995/locations/us-central1/functions/generateCloudinarySignature"},"runtime":"nodejs20","buildId":"d3a4560d-a227-4ff1-bbfe-5045e0be5d32","buildEnvironmentVariables":{"GOOGLE_NODE_RUN_SCRIPTS":""},"buildName":"projects/545318849414/locations/us-central1/builds/d3a4560d-a227-4ff1-bbfe-5045e0be5d32","dockerRegistry":"ARTIFACT_REGISTRY","automaticUpdatePolicy":{},"buildServiceAccount":"projects/javid-cb995/serviceAccounts/545318849414-compute@developer.gserviceaccount.com"},"versionId":"2","updateTime":"2026-01-17T21:27:58Z","buildId":"2614afb3-a56e-479b-a950-947046751629","buildName":"projects/545318849414/locations/us-central1/builds/2614afb3-a56e-479b-a950-947046751629"},"done":true,"error":{"code":3,"message":"Build failed: npm error code EUSAGE\nnpm error\nnpm error `npm ci` can only install packages when your package.json and package-lock.json or npm-shrinkwrap.json are in sync. Please update your lock file with `npm install` before continuing.\nnpm error\nnpm error Missing: jest@30.2.0 from lock file\nnpm error Missing: @jest/core@30.2.0 from lock file\nnpm error Missing: @jest/types@30.2.0 from lock file\nnpm error Missing: import-local@3.2.0 from lock file\nnpm error Missing: jest-cli@30.2.0 from lock file\nnpm error Missing: @jest/console@30.2.0 from lock file\nnpm error Missing: @jest/pattern@30.0.1 from lock file\nnpm error Missing: @jest/reporters@30.2.0 from lock file\nnpm error Missing: @jest/test-result@30.2.0 from lock file\nnpm error Missing: @jest/transform@30.2.0 from lock file\nnpm error Missing: ansi-escapes@4.3.2 from lock file\nnpm error Missing: chalk@4.1.2 from lock file\nnpm error Missing: ci-info@4.3.1 from lock file\nnpm error Missing: exit-x@0.2.2 from lock file\nnpm error Missing: graceful-fs@4.2.11 from lock file\nnpm error Missing: jest-changed-files@30.2.0 from lock file\nnpm error Missing: jest-config@30.2.0 from lock file\nnpm error Missing: jest-haste-map@30.2.0 from lock file\nnpm error Missing: jest-message-util@30.2.0 from lock file\nnpm error Missing: jest-regex-util@30.0.1 from lock file\nnpm error Missing: jest-resolve@30.2.0 from lock file\nnpm error Missing: jest-resolve-dependencies@30.2.0 from lock file\nnpm error Missing: jest-runner@30.2.0 from lock file\nnpm error Missing: jest-runtime@30.2.0 from lock file\nnpm error Missing: jest-snapshot@30.2.0 from lock file\nnpm error Missing: jest-util@30.2.0 from lock file\nnpm error Missing: jest-validate@30.2.0 from lock file\nnpm error Missing: jest-watcher@30.2.0 from lock file\nnpm error Missing: micromatch@4.0.8 from lock file\nnpm error Missing: pretty-format@30.2.0 from lock file\nnpm error Missing: slash@3.0.0 from lock file\nnpm error Missing: @bcoe/v8-coverage@0.2.3 from lock file\nnpm error Missing: @jridgewell/trace-mapping@0.3.31 from lock file\nnpm error Missing: collect-v8-coverage@1.0.3 from lock file\nnpm error Missing: glob@10.5.0 from lock file\nnpm error Missing: istanbul-lib-coverage@3.2.2 from lock file\nnpm error Missing: istanbul-lib-instrument@6.0.3 from lock file\nnpm error Missing: istanbul-lib-report@3.0.1 from lock file\nnpm error Missing: istanbul-lib-source-maps@5.0.6 from lock file\nnpm error Missing: istanbul-reports@3.2.0 from lock file\nnpm error Missing: jest-worker@30.2.0 from lock file\nnpm error Missing: string-length@4.0.2 from lock file\nnpm error Missing: v8-to-istanbul@9.3.0 from lock file\nnpm error Missing: @types/istanbul-lib-coverage@2.0.6 from lock file\nnpm error Missing: @babel/core@7.28.6 from lock file\nnpm error Missing: babel-plugin-istanbul@7.0.1 from lock file\nnpm error Missing: convert-source-map@2.0.0 from lock file\nnpm error Missing: fast-json-stable-stringify@2.1.0 from lock file\nnpm error Missing: pirates@4.0.7 from lock file\nnpm error Missing: write-file-atomic@5.0.1 from lock file\nnpm error Missing: @babel/code-frame@7.28.6 from lock file\nnpm error Missing: @babel/generator@7.28.6 from lock file\nnpm error Missing: @babel/helper-compilation-targets@7.28.6 from lock file\nnpm error Missing: @babel/helper-module-transforms@7.28.6 from lock file\nnpm error Missing: @babel/helpers@7.28.6 from lock file\nnpm error Missing: @babel/parser@7.28.6 from lock file\nnpm error Missing: @babel/template@7.28.6 from lock file\nnpm error Missing: @babel/traverse@7.28.6 from lock file\nnpm error Missing: @babel/types@7.28.6 from lock file\nnpm error Missing: @jridgewell/remapping@2.3.5 from lock file\nnpm error Missing: debug@4.4.3 from lock file\nnpm error Missing: gensync@1.0.0-beta.2 from lock file\nnpm error Missing: json5@2.2.3 from lock file\nnpm error Missing: semver@6.3.1 from lock file\nnpm error Missing: @babel/helper-validator-identifier@7.28.5 from lock file\nnpm error Missing: js-tokens@4.0.0 from lock file\nnpm error Missing: picocolors@1.1.1 from lock file\nnpm error Missing: @jridgewell/gen-mapping@0.3.13 from lock file\nnpm error Missing: jsesc@3.1.0 from lock file\nnpm error Missing: @babel/compat-data@7.28.6 from lock file\nnpm error Missing: @babel/helper-validator-option@7.27.1 from lock file\nnpm error Missing: browserslist@4.28.1 from lock file\nnpm error Missing: lru-cache@5.1.1 from lock file\nnpm error Missing: semver@6.3.1 from lock file\nnpm error Missing: @babel/helper-module-imports@7.28.6 from lock file\nnpm error Missing: @babel/helper-globals@7.28.0 from lock file\nnpm error Missing: debug@4.4.3 from lock file\nnpm error Missing: @babel/helper-string-parser@7.27.1 from lock file\nnpm error Missing: @jest/schemas@30.0.5 from lock file\nnpm error Missing: @types/istanbul-reports@3.0.4 from lock file\nnpm error Missing: @types/yargs@17.0.35 from lock file\nnpm error Missing: @sinclair/typebox@0.34.47 from lock file\nnpm error Missing: @jridgewell/sourcemap-codec@1.5.5 from lock file\nnpm error Missing: @jridgewell/resolve-uri@3.1.2 from lock file\nnpm error Missing: @types/istanbul-lib-report@3.0.3 from lock file\nnpm error Missing: @types/yargs-parser@21.0.3 from lock file\nnpm error Missing: type-fest@0.21.3 from lock file\nnpm error Missing: @babel/helper-plugin-utils@7.28.6 from lock file\nnpm error Missing: @istanbuljs/load-nyc-config@1.1.0 from lock file\nnpm error Missing: @istanbuljs/schema@0.1.3 from lock file\nnpm error Missing: test-exclude@6.0.0 from lock file\nnpm error Missing: camelcase@5.3.1 from lock file\nnpm error Missing: find-up@4.1.0 from lock file\nnpm error Missing: get-package-type@0.1.0 from lock file\nnpm error Missing: js-yaml@3.14.2 from lock file\nnpm error Missing: resolve-from@5.0.0 from lock file\nnpm error Missing: baseline-browser-mapping@2.9.15 from lock file\nnpm error Missing: caniuse-lite@1.0.30001764 from lock file\nnpm error Missing: electron-to-chromium@1.5.267 from lock file\nnpm error Missing: node-releases@2.0.27 from lock file\nnpm error Missing: update-browserslist-db@1.2.3 from lock file\nnpm error Missing: supports-color@7.2.0 from lock file\nnpm error Missing: locate-path@5.0.0 from lock file\nnpm error Missing: path-exists@4.0.0 from lock file\nnpm error Missing: foreground-child@3.3.1 from lock file\nnpm error Missing: jackspeak@3.4.3 from lock file\nnpm error Missing: minimatch@9.0.5 from lock file\nnpm error Missing: minipass@7.1.2 from lock file\nnpm error Missing: package-json-from-dist@1.0.1 from lock file\nnpm error Missing: path-scurry@1.11.1 from lock file\nnpm error Missing: cross-spawn@7.0.6 from lock file\nnpm error Missing: signal-exit@4.1.0 from lock file\nnpm error Missing: path-key@3.1.1 from lock file\nnpm error Missing: shebang-command@2.0.0 from lock file\nnpm error Missing: which@2.0.2 from lock file\nnpm error Missing: pkg-dir@4.2.0 from lock file\nnpm error Missing: resolve-cwd@3.0.0 from lock file\nnpm error Missing: make-dir@4.0.0 from lock file\nnpm error Missing: debug@4.4.3 from lock file\nnpm error Missing: html-escaper@2.0.2 from lock file\nnpm error Missing: @isaacs/cliui@8.0.2 from lock file\nnpm error Missing: @pkgjs/parseargs@0.11.0 from lock file\nnpm error Missing: string-width@5.1.2 from lock file\nnpm error Missing: string-width-cjs@4.2.3 from lock file\nnpm error Missing: strip-ansi@7.1.2 from lock file\nnpm error Missing: strip-ansi-cjs@6.0.1 from lock file\nnpm error Missing: wrap-ansi@8.1.0 from lock file\nnpm error Missing: wrap-ansi-cjs@7.0.0 from lock file\nnpm error Missing: execa@5.1.1 from lock file\nnpm error Missing: get-stream@6.0.1 from lock file\nnpm error Missing: human-signals@2.1.0 from lock file\nnpm error Missing: merge-stream@2.0.0 from lock file\nnpm error Missing: npm-run-path@4.0.1 from lock file\nnpm error Missing: onetime@5.1.2 from lock file\nnpm error Missing: signal-exit@3.0.7 from lock file\nnpm error Missing: strip-final-newline@2.0.0 from lock file\nnpm error Missing: @jest/get-type@30.1.0 from lock file\nnpm error Missing: @jest/test-sequencer@30.2.0 from lock file\nnpm error Missing: babel-jest@30.2.0 from lock file\nnpm error Missing: deepmerge@4.3.1 from lock file\nnpm error Missing: jest-circus@30.2.0 from lock file\nnpm error Missing: jest-docblock@30.2.0 from lock file\nnpm error Missing: jest-environment-node@30.2.0 from lock file\nnpm error Missing: parse-json@5.2.0 from lock file\nnpm error Missing: strip-json-comments@3.1.1 from lock file\nnpm error Missing: @types/babel__core@7.20.5 from lock file\nnpm error Missing: babel-preset-jest@30.2.0 from lock file\nnpm error Missing: @types/babel__generator@7.27.0 from lock file\nnpm error Missing: @types/babel__template@7.4.4 from lock file\nnpm error Missing: @types/babel__traverse@7.28.0 from lock file\nnpm error Missing: babel-plugin-jest-hoist@30.2.0 from lock file\nnpm error Missing: babel-preset-current-node-syntax@1.2.0 from lock file\nnpm error Missing: @babel/plugin-syntax-async-generators@7.8.4 from lock file\nnpm error Missing: @babel/plugin-syntax-bigint@7.8.3 from lock file\nnpm error Missing: @babel/plugin-syntax-class-properties@7.12.13 from lock file\nnpm error Missing: @babel/plugin-syntax-class-static-block@7.14.5 from lock file\nnpm error Missing: @babel/plugin-syntax-import-attributes@7.28.6 from lock file\nnpm error Missing: @babel/plugin-syntax-import-meta@7.10.4 from lock file\nnpm error Missing: @babel/plugin-syntax-json-strings@7.8.3 from lock file\nnpm error Missing: @babel/plugin-syntax-logical-assignment-operators@7.10.4 from lock file\nnpm error Missing: @babel/plugin-syntax-nullish-coalescing-operator@7.8.3 from lock file\nnpm error Missing: @babel/plugin-syntax-numeric-separator@7.10.4 from lock file\nnpm error Missing: @babel/plugin-syntax-object-rest-spread@7.8.3 from lock file\nnpm error Missing: @babel/plugin-syntax-optional-catch-binding@7.8.3 from lock file\nnpm error Missing: @babel/plugin-syntax-optional-chaining@7.8.3 from lock file\nnpm error Missing: @babel/plugin-syntax-private-property-in-object@7.14.5 from lock file\nnpm error Missing: @babel/plugin-syntax-top-level-await@7.14.5 from lock file\nnpm error Missing: @jest/environment@30.2.0 from lock file\nnpm error Missing: @jest/expect@30.2.0 from lock file\nnpm error Missing: co@4.6.0 from lock file\nnpm error Missing: dedent@1.7.1 from lock file\nnpm error Missing: is-generator-fn@2.1.0 from lock file\nnpm error Missing: jest-each@30.2.0 from lock file\nnpm error Missing: jest-matcher-utils@30.2.0 from lock file\nnpm error Missing: pure-rand@7.0.1 from lock file\nnpm error Missing: stack-utils@2.0.6 from lock file\nnpm error Missing: @jest/fake-timers@30.2.0 from lock file\nnpm error Missing: jest-mock@30.2.0 from lock file\nnpm error Missing: expect@30.2.0 from lock file\nnpm error Missing: @sinonjs/fake-timers@13.0.5 from lock file\nnpm error Missing: @sinonjs/commons@3.0.1 from lock file\nnpm error Missing: type-detect@4.0.8 from lock file\nnpm error Missing: @jest/expect-utils@30.2.0 from lock file\nnpm error Missing: detect-newline@3.1.0 from lock file\nnpm error Missing: anymatch@3.1.3 from lock file\nnpm error Missing: fb-watchman@2.0.2 from lock file\nnpm error Missing: fsevents@2.3.3 from lock file\nnpm error Missing: walker@1.0.8 from lock file\nnpm error Missing: normalize-path@3.0.0 from lock file\nnpm error Missing: picomatch@2.3.1 from lock file\nnpm error Missing: bser@2.1.1 from lock file\nnpm error Missing: node-int64@0.4.0 from lock file\nnpm error Missing: jest-diff@30.2.0 from lock file\nnpm error Missing: @jest/diff-sequences@30.0.1 from lock file\nnpm error Missing: @types/stack-utils@2.0.3 from lock file\nnpm error Missing: jest-pnp-resolver@1.2.3 from lock file\nnpm error Missing: unrs-resolver@1.11.1 from lock file\nnpm error Missing: emittery@0.13.1 from lock file\nnpm error Missing: jest-leak-detector@30.2.0 from lock file\nnpm error Missing: source-map-support@0.5.13 from lock file\nnpm error Missing: @jest/globals@30.2.0 from lock file\nnpm error Missing: @jest/source-map@30.0.1 from lock file\nnpm error Missing: cjs-module-lexer@2.2.0 from lock file\nnpm error Missing: strip-bom@4.0.0 from lock file\nnpm error Missing: callsites@3.1.0 from lock file\nnpm error Missing: @babel/plugin-syntax-jsx@7.28.6 from lock file\nnpm error Missing: @babel/plugin-syntax-typescript@7.28.6 from lock file\nnpm error Missing: @jest/snapshot-utils@30.2.0 from lock file\nnpm error Missing: synckit@0.11.12 from lock file\nnpm error Missing: natural-compare@1.4.0 from lock file\nnpm error Missing: picomatch@4.0.3 from lock file\nnpm error Missing: camelcase@6.3.0 from lock file\nnpm error Missing: leven@3.1.0 from lock file\nnpm error Missing: @ungap/structured-clone@1.3.0 from lock file\nnpm error Missing: supports-color@8.1.1 from lock file\nnpm error Missing: argparse@1.0.10 from lock file\nnpm error Missing: esprima@4.0.1 from lock file\nnpm error Missing: sprintf-js@1.0.3 from lock file\nnpm error Missing: p-locate@4.1.0 from lock file\nnpm error Missing: braces@3.0.3 from lock file\nnpm error Missing: fill-range@7.1.1 from lock file\nnpm error Missing: to-regex-range@5.0.1 from lock file\nnpm error Missing: brace-expansion@2.0.2 from lock file\nnpm error Missing: balanced-match@1.0.2 from lock file\nnpm error Missing: mimic-fn@2.1.0 from lock file\nnpm error Missing: p-limit@2.3.0 from lock file\nnpm error Missing: error-ex@1.3.4 from lock file\nnpm error Missing: json-parse-even-better-errors@2.3.1 from lock file\nnpm error Missing: lines-and-columns@1.2.4 from lock file\nnpm error Missing: is-arrayish@0.2.1 from lock file\nnpm error Missing: lru-cache@10.4.3 from lock file\nnpm error Missing: ansi-styles@5.2.0 from lock file\nnpm error Missing: react-is@18.3.1 from lock file\nnpm error Missing: shebang-regex@3.0.0 from lock file\nnpm error Missing: buffer-from@1.1.2 from lock file\nnpm error Missing: source-map@0.6.1 from lock file\nnpm error Missing: escape-string-regexp@2.0.0 from lock file\nnpm error Missing: char-regex@1.0.2 from lock file\nnpm error Missing: has-flag@4.0.0 from lock file\nnpm error Missing: @pkgr/core@0.2.9 from lock file\nnpm error Missing: glob@7.2.3 from lock file\nnpm error Missing: minimatch@3.1.2 from lock file\nnpm error Missing: is-number@7.0.0 from lock file\nnpm error Missing: @unrs/resolver-binding-android-arm-eabi@1.11.1 from lock file\nnpm error Missing: @unrs/resolver-binding-android-arm64@1.11.1 from lock file\nnpm error Missing: @unrs/resolver-binding-darwin-arm64@1.11.1 from lock file\nnpm error Missing: @unrs/resolver-binding-darwin-x64@1.11.1 from lock file\nnpm error Missing: @unrs/resolver-binding-freebsd-x64@1.11.1 from lock file\nnpm error Missing: @unrs/resolver-binding-linux-arm-gnueabihf@1.11.1 from lock file\nnpm error Missing: @unrs/resolver-binding-linux-arm-musleabihf@1.11.1 from lock file\nnpm error Missing: @unrs/resolver-binding-linux-arm64-gnu@1.11.1 from lock file\nnpm error Missing: @unrs/resolver-binding-linux-arm64-musl@1.11.1 from lock file\nnpm error Missing: @unrs/resolver-binding-linux-ppc64-gnu@1.11.1 from lock file\nnpm error Missing: @unrs/resolver-binding-linux-riscv64-gnu@1.11.1 from lock file\nnpm error Missing: @unrs/resolver-binding-linux-riscv64-musl@1.11.1 from lock file\nnpm error Missing: @unrs/resolver-binding-linux-s390x-gnu@1.11.1 from lock file\nnpm error Missing: @unrs/resolver-binding-linux-x64-gnu@1.11.1 from lock file\nnpm error Missing: @unrs/resolver-binding-linux-x64-musl@1.11.1 from lock file\nnpm error Missing: @unrs/resolver-binding-wasm32-wasi@1.11.1 from lock file\nnpm error Missing: @unrs/resolver-binding-win32-arm64-msvc@1.11.1 from lock file\nnpm error Missing: @unrs/resolver-binding-win32-ia32-msvc@1.11.1 from lock file\nnpm error Missing: @unrs/resolver-binding-win32-x64-msvc@1.11.1 from lock file\nnpm error Missing: napi-postinstall@0.3.4 from lock file\nnpm error Missing: @napi-rs/wasm-runtime@0.2.12 from lock file\nnpm error Missing: @emnapi/core@1.8.1 from lock file\nnpm error Missing: @emnapi/runtime@1.8.1 from lock file\nnpm error Missing: @tybys/wasm-util@0.10.1 from lock file\nnpm error Missing: @emnapi/wasi-threads@1.1.0 from lock file\nnpm error Missing: makeerror@1.0.12 from lock file\nnpm error Missing: tmpl@1.0.5 from lock file\nnpm error Missing: isexe@2.0.0 from lock file\nnpm error Missing: imurmurhash@0.1.4 from lock file\nnpm error Missing: ms@2.1.3 from lock file\nnpm error Missing: yallist@3.1.1 from lock file\nnpm error Missing: ms@2.1.3 from lock file\nnpm error Missing: eastasianwidth@0.2.0 from lock file\nnpm error Missing: emoji-regex@9.2.2 from lock file\nnpm error Missing: ansi-regex@6.2.2 from lock file\nnpm error Missing: ansi-styles@6.2.3 from lock file\nnpm error Missing: ms@2.1.3 from lock file\nnpm error Missing: p-try@2.2.0 from lock file\nnpm error Missing: fs.realpath@1.0.0 from lock file\nnpm error Missing: inflight@1.0.6 from lock file\nnpm error Missing: path-is-absolute@1.0.1 from lock file\nnpm error Missing: brace-expansion@1.1.12 from lock file\nnpm error Missing: concat-map@0.0.1 from lock file\nnpm error\nnpm error Clean install a project\nnpm error\nnpm error Usage:\nnpm error npm ci\nnpm error\nnpm error Options:\nnpm error [--install-strategy <hoisted|nested|shallow|linked>] [--legacy-bundling]\nnpm error [--global-style] [--omit <dev|optional|peer> [--omit <dev|optional|peer> ...]]\nnpm error [--include <prod|dev|optional|peer> [--include <prod|dev|optional|peer> ...]]\nnpm error [--strict-peer-deps] [--foreground-scripts] [--ignore-scripts] [--no-audit]\nnpm error [--no-bin-links] [--no-fund] [--dry-run]\nnpm error [-w|--workspace <workspace-name> [-w|--workspace <workspace-name> ...]]\nnpm error [-ws|--workspaces] [--include-workspace-root] [--install-links]\nnpm error\nnpm error aliases: clean-install, ic, install-clean, isntall-clean\nnpm error\nnpm error Run \"npm help ci\" for more info\nnpm error A complete log of this run can be found in: /www-data-home/.npm/_logs/2026-01-17T21_27_21_994Z-debug-0.log; Error ID: 7fa33aaa"}}
[debug] [2026-01-17T21:27:58.546Z] Got source token undefined for region us-central1
[debug] [2026-01-17T21:27:58.547Z] Checked if tokens are valid: true, expires at: 1768686904345
[debug] [2026-01-17T21:27:58.547Z] Checked if tokens are valid: true, expires at: 1768686904345
[debug] [2026-01-17T21:27:58.547Z] Checked if tokens are valid: true, expires at: 1768686904345
[debug] [2026-01-17T21:27:58.547Z] Checked if tokens are valid: true, expires at: 1768686904345
[debug] [2026-01-17T21:27:58.548Z] >>> [apiv2][query] PATCH https://cloudfunctions.googleapis.com/v1/projects/javid-cb995/locations/us-central1/functions/generateCloudinaryDeleteSignature updateMask=name%2CsourceUploadUrl%2CentryPoint%2Cruntime%2CdockerRegistry%2Clabels%2ChttpsTrigger.securityLevel%2CminInstances%2CmaxInstances%2CingressSettings%2CenvironmentVariables%2CserviceAccountEmail%2CavailableMemoryMb%2Ctimeout%2CvpcConnector%2CvpcConnectorEgressSettings%2CsourceToken%2CbuildEnvironmentVariables
[debug] [2026-01-17T21:27:58.548Z] >>> [apiv2][body] PATCH https://cloudfunctions.googleapis.com/v1/projects/javid-cb995/locations/us-central1/functions/generateCloudinaryDeleteSignature {"name":"projects/javid-cb995/locations/us-central1/functions/generateCloudinaryDeleteSignature","sourceUploadUrl":"https://storage.googleapis.com/uploads-989081397812.us-central1.cloudfunctions.appspot.com/fd45327d-1370-4a5f-8932-f9ccc7c29846.zip?GoogleAccessId=service-545318849414@gcf-admin-robot.iam.gserviceaccount.com&Expires=1768687019&Signature=TlxXFd%2Bkl%2B6Jsk3pHuB%2Bh6KR6C22OHRp4s9U%2BD66YUWntOvqNcPPErXRyJCdrB8O4HjKkmIyUQiznBJVJRNXH5QBFM0t3%2BHlM4I9XXUiarhEt%2FcEr3eNJhSUVK4M9VW12JCIzGhU7FuduqlBxLhRoRry0IdrLQZelSLM88x0vgoklO7oO6UvjS%2FxIuURPjpcS%2FtG26RID0tzXOpw8MrKXn5B1AnUvAdAy0TtiWxTv9sMCTE1vB74fxgMjtqRqXI7i%2BI7pfA5rgBcBFIdcIUL%2F0FSauFuksQRJCgiaju6dfDmTlRTJUGMdvnSBGi%2BhR5neh8DB7cs%2BtzqKnhu%2F7qtjQ%3D%3D","entryPoint":"generateCloudinaryDeleteSignature","runtime":"nodejs20","dockerRegistry":"ARTIFACT_REGISTRY","labels":{"deployment-tool":"cli-firebase","deployment-callable":"true","firebase-functions-hash":"623cdfe8af3df3dee68b255c04b6ba19cb854d39"},"httpsTrigger":{"securityLevel":"SECURE_ALWAYS"},"minInstances":null,"maxInstances":null,"ingressSettings":null,"environmentVariables":{"FIREBASE_CONFIG":"{\"projectId\":\"javid-cb995\",\"storageBucket\":\"javid-cb995.firebasestorage.app\"}","GCLOUD_PROJECT":"javid-cb995","EVENTARC_CLOUD_EVENT_SOURCE":"projects/javid-cb995/locations/us-central1/functions/generateCloudinaryDeleteSignature"},"serviceAccountEmail":null,"availableMemoryMb":null,"timeout":null,"vpcConnector":null,"vpcConnectorEgressSettings":null,"buildEnvironmentVariables":{"GOOGLE_NODE_RUN_SCRIPTS":""}}
[debug] [2026-01-17T21:27:58.549Z] >>> [apiv2][query] PATCH https://cloudfunctions.googleapis.com/v1/projects/javid-cb995/locations/us-central1/functions/sendMessageNotification updateMask=name%2CsourceUploadUrl%2CentryPoint%2Cruntime%2CdockerRegistry%2Clabels%2CeventTrigger.eventType%2CeventTrigger.resource%2CeventTrigger.failurePolicy%2CminInstances%2CmaxInstances%2CingressSettings%2CenvironmentVariables%2CserviceAccountEmail%2CavailableMemoryMb%2Ctimeout%2CvpcConnector%2CvpcConnectorEgressSettings%2CsourceToken%2CbuildEnvironmentVariables
[debug] [2026-01-17T21:27:58.549Z] >>> [apiv2][body] PATCH https://cloudfunctions.googleapis.com/v1/projects/javid-cb995/locations/us-central1/functions/sendMessageNotification {"name":"projects/javid-cb995/locations/us-central1/functions/sendMessageNotification","sourceUploadUrl":"https://storage.googleapis.com/uploads-989081397812.us-central1.cloudfunctions.appspot.com/fd45327d-1370-4a5f-8932-f9ccc7c29846.zip?GoogleAccessId=service-545318849414@gcf-admin-robot.iam.gserviceaccount.com&Expires=1768687019&Signature=TlxXFd%2Bkl%2B6Jsk3pHuB%2Bh6KR6C22OHRp4s9U%2BD66YUWntOvqNcPPErXRyJCdrB8O4HjKkmIyUQiznBJVJRNXH5QBFM0t3%2BHlM4I9XXUiarhEt%2FcEr3eNJhSUVK4M9VW12JCIzGhU7FuduqlBxLhRoRry0IdrLQZelSLM88x0vgoklO7oO6UvjS%2FxIuURPjpcS%2FtG26RID0tzXOpw8MrKXn5B1AnUvAdAy0TtiWxTv9sMCTE1vB74fxgMjtqRqXI7i%2BI7pfA5rgBcBFIdcIUL%2F0FSauFuksQRJCgiaju6dfDmTlRTJUGMdvnSBGi%2BhR5neh8DB7cs%2BtzqKnhu%2F7qtjQ%3D%3D","entryPoint":"sendMessageNotification","runtime":"nodejs20","dockerRegistry":"ARTIFACT_REGISTRY","labels":{"deployment-tool":"cli-firebase","firebase-functions-hash":"623cdfe8af3df3dee68b255c04b6ba19cb854d39"},"eventTrigger":{"eventType":"providers/cloud.firestore/eventTypes/document.update","resource":"projects/javid-cb995/databases/(default)/documents/conversations/{conversationId}"},"minInstances":null,"maxInstances":null,"ingressSettings":null,"environmentVariables":{"FIREBASE_CONFIG":"{\"projectId\":\"javid-cb995\",\"storageBucket\":\"javid-cb995.firebasestorage.app\"}","GCLOUD_PROJECT":"javid-cb995","EVENTARC_CLOUD_EVENT_SOURCE":"projects/javid-cb995/locations/us-central1/functions/sendMessageNotification"},"serviceAccountEmail":null,"availableMemoryMb":null,"timeout":null,"vpcConnector":null,"vpcConnectorEgressSettings":null,"buildEnvironmentVariables":{"GOOGLE_NODE_RUN_SCRIPTS":""}}
[error] Build failed: npm error code EUSAGE
npm error
npm error `npm ci` can only install packages when your package.json and package-lock.json or npm-shrinkwrap.json are in sync. Please update your lock file with `npm install` before continuing.
npm error
npm error Missing: jest@30.2.0 from lock file
npm error Missing: @jest/core@30.2.0 from lock file
npm error Missing: @jest/types@30.2.0 from lock file
npm error Missing: import-local@3.2.0 from lock file
npm error Missing: jest-cli@30.2.0 from lock file
npm error Missing: @jest/console@30.2.0 from lock file
npm error Missing: @jest/pattern@30.0.1 from lock file
npm error Missing: @jest/reporters@30.2.0 from lock file
npm error Missing: @jest/test-result@30.2.0 from lock file
npm error Missing: @jest/transform@30.2.0 from lock file
npm error Missing: ansi-escapes@4.3.2 from lock file
npm error Missing: chalk@4.1.2 from lock file
npm error Missing: ci-info@4.3.1 from lock file
npm error Missing: exit-x@0.2.2 from lock file
npm error Missing: graceful-fs@4.2.11 from lock file
npm error Missing: jest-changed-files@30.2.0 from lock file
npm error Missing: jest-config@30.2.0 from lock file
npm error Missing: jest-haste-map@30.2.0 from lock file
npm error Missing: jest-message-util@30.2.0 from lock file
npm error Missing: jest-regex-util@30.0.1 from lock file
npm error Missing: jest-resolve@30.2.0 from lock file
npm error Missing: jest-resolve-dependencies@30.2.0 from lock file
npm error Missing: jest-runner@30.2.0 from lock file
npm error Missing: jest-runtime@30.2.0 from lock file
npm error Missing: jest-snapshot@30.2.0 from lock file
npm error Missing: jest-util@30.2.0 from lock file
npm error Missing: jest-validate@30.2.0 from lock file
npm error Missing: jest-watcher@30.2.0 from lock file
npm error Missing: micromatch@4.0.8 from lock file
npm error Missing: pretty-format@30.2.0 from lock file
npm error Missing: slash@3.0.0 from lock file
npm error Missing: @bcoe/v8-coverage@0.2.3 from lock file
npm error Missing: @jridgewell/trace-mapping@0.3.31 from lock file
npm error Missing: collect-v8-coverage@1.0.3 from lock file
npm error Missing: glob@10.5.0 from lock file
npm error Missing: istanbul-lib-coverage@3.2.2 from lock file
npm error Missing: istanbul-lib-instrument@6.0.3 from lock file
npm error Missing: istanbul-lib-report@3.0.1 from lock file
npm error Missing: istanbul-lib-source-maps@5.0.6 from lock file
npm error Missing: istanbul-reports@3.2.0 from lock file
npm error Missing: jest-worker@30.2.0 from lock file
npm error Missing: string-length@4.0.2 from lock file
npm error Missing: v8-to-istanbul@9.3.0 from lock file
npm error Missing: @types/istanbul-lib-coverage@2.0.6 from lock file
npm error Missing: @babel/core@7.28.6 from lock file
npm error Missing: babel-plugin-istanbul@7.0.1 from lock file
npm error Missing: convert-source-map@2.0.0 from lock file
npm error Missing: fast-json-stable-stringify@2.1.0 from lock file
npm error Missing: pirates@4.0.7 from lock file
npm error Missing: write-file-atomic@5.0.1 from lock file
npm error Missing: @babel/code-frame@7.28.6 from lock file
npm error Missing: @babel/generator@7.28.6 from lock file
npm error Missing: @babel/helper-compilation-targets@7.28.6 from lock file
npm error Missing: @babel/helper-module-transforms@7.28.6 from lock file
npm error Missing: @babel/helpers@7.28.6 from lock file
npm error Missing: @babel/parser@7.28.6 from lock file
npm error Missing: @babel/template@7.28.6 from lock file
npm error Missing: @babel/traverse@7.28.6 from lock file
npm error Missing: @babel/types@7.28.6 from lock file
npm error Missing: @jridgewell/remapping@2.3.5 from lock file
npm error Missing: debug@4.4.3 from lock file
npm error Missing: gensync@1.0.0-beta.2 from lock file
npm error Missing: json5@2.2.3 from lock file
npm error Missing: semver@6.3.1 from lock file
npm error Missing: @babel/helper-validator-identifier@7.28.5 from lock file
npm error Missing: js-tokens@4.0.0 from lock file
npm error Missing: picocolors@1.1.1 from lock file
npm error Missing: @jridgewell/gen-mapping@0.3.13 from lock file
npm error Missing: jsesc@3.1.0 from lock file
npm error Missing: @babel/compat-data@7.28.6 from lock file
npm error Missing: @babel/helper-validator-option@7.27.1 from lock file
npm error Missing: browserslist@4.28.1 from lock file
npm error Missing: lru-cache@5.1.1 from lock file
npm error Missing: semver@6.3.1 from lock file
npm error Missing: @babel/helper-module-imports@7.28.6 from lock file
npm error Missing: @babel/helper-globals@7.28.0 from lock file
npm error Missing: debug@4.4.3 from lock file
npm error Missing: @babel/helper-string-parser@7.27.1 from lock file
npm error Missing: @jest/schemas@30.0.5 from lock file
npm error Missing: @types/istanbul-reports@3.0.4 from lock file
npm error Missing: @types/yargs@17.0.35 from lock file
npm error Missing: @sinclair/typebox@0.34.47 from lock file
npm error Missing: @jridgewell/sourcemap-codec@1.5.5 from lock file
npm error Missing: @jridgewell/resolve-uri@3.1.2 from lock file
npm error Missing: @types/istanbul-lib-report@3.0.3 from lock file
npm error Missing: @types/yargs-parser@21.0.3 from lock file
npm error Missing: type-fest@0.21.3 from lock file
npm error Missing: @babel/helper-plugin-utils@7.28.6 from lock file
npm error Missing: @istanbuljs/load-nyc-config@1.1.0 from lock file
npm error Missing: @istanbuljs/schema@0.1.3 from lock file
npm error Missing: test-exclude@6.0.0 from lock file
npm error Missing: camelcase@5.3.1 from lock file
npm error Missing: find-up@4.1.0 from lock file
npm error Missing: get-package-type@0.1.0 from lock file
npm error Missing: js-yaml@3.14.2 from lock file
npm error Missing: resolve-from@5.0.0 from lock file
npm error Missing: baseline-browser-mapping@2.9.15 from lock file
npm error Missing: caniuse-lite@1.0.30001764 from lock file
npm error Missing: electron-to-chromium@1.5.267 from lock file
npm error Missing: node-releases@2.0.27 from lock file
npm error Missing: update-browserslist-db@1.2.3 from lock file
npm error Missing: supports-color@7.2.0 from lock file
npm error Missing: locate-path@5.0.0 from lock file
npm error Missing: path-exists@4.0.0 from lock file
npm error Missing: foreground-child@3.3.1 from lock file
npm error Missing: jackspeak@3.4.3 from lock file
npm error Missing: minimatch@9.0.5 from lock file
npm error Missing: minipass@7.1.2 from lock file
npm error Missing: package-json-from-dist@1.0.1 from lock file
npm error Missing: path-scurry@1.11.1 from lock file
npm error Missing: cross-spawn@7.0.6 from lock file
npm error Missing: signal-exit@4.1.0 from lock file
npm error Missing: path-key@3.1.1 from lock file
npm error Missing: shebang-command@2.0.0 from lock file
npm error Missing: which@2.0.2 from lock file
npm error Missing: pkg-dir@4.2.0 from lock file
npm error Missing: resolve-cwd@3.0.0 from lock file
npm error Missing: make-dir@4.0.0 from lock file
npm error Missing: debug@4.4.3 from lock file
npm error Missing: html-escaper@2.0.2 from lock file
npm error Missing: @isaacs/cliui@8.0.2 from lock file
npm error Missing: @pkgjs/parseargs@0.11.0 from lock file
npm error Missing: string-width@5.1.2 from lock file
npm error Missing: string-width-cjs@4.2.3 from lock file
npm error Missing: strip-ansi@7.1.2 from lock file
npm error Missing: strip-ansi-cjs@6.0.1 from lock file
npm error Missing: wrap-ansi@8.1.0 from lock file
npm error Missing: wrap-ansi-cjs@7.0.0 from lock file
npm error Missing: execa@5.1.1 from lock file
npm error Missing: get-stream@6.0.1 from lock file
npm error Missing: human-signals@2.1.0 from lock file
npm error Missing: merge-stream@2.0.0 from lock file
npm error Missing: npm-run-path@4.0.1 from lock file
npm error Missing: onetime@5.1.2 from lock file
npm error Missing: signal-exit@3.0.7 from lock file
npm error Missing: strip-final-newline@2.0.0 from lock file
npm error Missing: @jest/get-type@30.1.0 from lock file
npm error Missing: @jest/test-sequencer@30.2.0 from lock file
npm error Missing: babel-jest@30.2.0 from lock file
npm error Missing: deepmerge@4.3.1 from lock file
npm error Missing: jest-circus@30.2.0 from lock file
npm error Missing: jest-docblock@30.2.0 from lock file
npm error Missing: jest-environment-node@30.2.0 from lock file
npm error Missing: parse-json@5.2.0 from lock file
npm error Missing: strip-json-comments@3.1.1 from lock file
npm error Missing: @types/babel__core@7.20.5 from lock file
npm error Missing: babel-preset-jest@30.2.0 from lock file
npm error Missing: @types/babel__generator@7.27.0 from lock file
npm error Missing: @types/babel__template@7.4.4 from lock file
npm error Missing: @types/babel__traverse@7.28.0 from lock file
npm error Missing: babel-plugin-jest-hoist@30.2.0 from lock file
npm error Missing: babel-preset-current-node-syntax@1.2.0 from lock file
npm error Missing: @babel/plugin-syntax-async-generators@7.8.4 from lock file
npm error Missing: @babel/plugin-syntax-bigint@7.8.3 from lock file
npm error Missing: @babel/plugin-syntax-class-properties@7.12.13 from lock file
npm error Missing: @babel/plugin-syntax-class-static-block@7.14.5 from lock file
npm error Missing: @babel/plugin-syntax-import-attributes@7.28.6 from lock file
npm error Missing: @babel/plugin-syntax-import-meta@7.10.4 from lock file
npm error Missing: @babel/plugin-syntax-json-strings@7.8.3 from lock file
npm error Missing: @babel/plugin-syntax-logical-assignment-operators@7.10.4 from lock file
npm error Missing: @babel/plugin-syntax-nullish-coalescing-operator@7.8.3 from lock file
npm error Missing: @babel/plugin-syntax-numeric-separator@7.10.4 from lock file
npm error Missing: @babel/plugin-syntax-object-rest-spread@7.8.3 from lock file
npm error Missing: @babel/plugin-syntax-optional-catch-binding@7.8.3 from lock file
npm error Missing: @babel/plugin-syntax-optional-chaining@7.8.3 from lock file
npm error Missing: @babel/plugin-syntax-private-property-in-object@7.14.5 from lock file
npm error Missing: @babel/plugin-syntax-top-level-await@7.14.5 from lock file
npm error Missing: @jest/environment@30.2.0 from lock file
npm error Missing: @jest/expect@30.2.0 from lock file
npm error Missing: co@4.6.0 from lock file
npm error Missing: dedent@1.7.1 from lock file
npm error Missing: is-generator-fn@2.1.0 from lock file
npm error Missing: jest-each@30.2.0 from lock file
npm error Missing: jest-matcher-utils@30.2.0 from lock file
npm error Missing: pure-rand@7.0.1 from lock file
npm error Missing: stack-utils@2.0.6 from lock file
npm error Missing: @jest/fake-timers@30.2.0 from lock file
npm error Missing: jest-mock@30.2.0 from lock file
npm error Missing: expect@30.2.0 from lock file
npm error Missing: @sinonjs/fake-timers@13.0.5 from lock file
npm error Missing: @sinonjs/commons@3.0.1 from lock file
npm error Missing: type-detect@4.0.8 from lock file
npm error Missing: @jest/expect-utils@30.2.0 from lock file
npm error Missing: detect-newline@3.1.0 from lock file
npm error Missing: anymatch@3.1.3 from lock file
npm error Missing: fb-watchman@2.0.2 from lock file
npm error Missing: fsevents@2.3.3 from lock file
npm error Missing: walker@1.0.8 from lock file
npm error Missing: normalize-path@3.0.0 from lock file
npm error Missing: picomatch@2.3.1 from lock file
npm error Missing: bser@2.1.1 from lock file
npm error Missing: node-int64@0.4.0 from lock file
npm error Missing: jest-diff@30.2.0 from lock file
npm error Missing: @jest/diff-sequences@30.0.1 from lock file
npm error Missing: @types/stack-utils@2.0.3 from lock file
npm error Missing: jest-pnp-resolver@1.2.3 from lock file
npm error Missing: unrs-resolver@1.11.1 from lock file
npm error Missing: emittery@0.13.1 from lock file
npm error Missing: jest-leak-detector@30.2.0 from lock file
npm error Missing: source-map-support@0.5.13 from lock file
npm error Missing: @jest/globals@30.2.0 from lock file
npm error Missing: @jest/source-map@30.0.1 from lock file
npm error Missing: cjs-module-lexer@2.2.0 from lock file
npm error Missing: strip-bom@4.0.0 from lock file
npm error Missing: callsites@3.1.0 from lock file
npm error Missing: @babel/plugin-syntax-jsx@7.28.6 from lock file
npm error Missing: @babel/plugin-syntax-typescript@7.28.6 from lock file
npm error Missing: @jest/snapshot-utils@30.2.0 from lock file
npm error Missing: synckit@0.11.12 from lock file
npm error Missing: natural-compare@1.4.0 from lock file
npm error Missing: picomatch@4.0.3 from lock file
npm error Missing: camelcase@6.3.0 from lock file
npm error Missing: leven@3.1.0 from lock file
npm error Missing: @ungap/structured-clone@1.3.0 from lock file
npm error Missing: supports-color@8.1.1 from lock file
npm error Missing: argparse@1.0.10 from lock file
npm error Missing: esprima@4.0.1 from lock file
npm error Missing: sprintf-js@1.0.3 from lock file
npm error Missing: p-locate@4.1.0 from lock file
npm error Missing: braces@3.0.3 from lock file
npm error Missing: fill-range@7.1.1 from lock file
npm error Missing: to-regex-range@5.0.1 from lock file
npm error Missing: brace-expansion@2.0.2 from lock file
npm error Missing: balanced-match@1.0.2 from lock file
npm error Missing: mimic-fn@2.1.0 from lock file
npm error Missing: p-limit@2.3.0 from lock file
npm error Missing: error-ex@1.3.4 from lock file
npm error Missing: json-parse-even-better-errors@2.3.1 from lock file
npm error Missing: lines-and-columns@1.2.4 from lock file
npm error Missing: is-arrayish@0.2.1 from lock file
npm error Missing: lru-cache@10.4.3 from lock file
npm error Missing: ansi-styles@5.2.0 from lock file
npm error Missing: react-is@18.3.1 from lock file
npm error Missing: shebang-regex@3.0.0 from lock file
npm error Missing: buffer-from@1.1.2 from lock file
npm error Missing: source-map@0.6.1 from lock file
npm error Missing: escape-string-regexp@2.0.0 from lock file
npm error Missing: char-regex@1.0.2 from lock file
npm error Missing: has-flag@4.0.0 from lock file
npm error Missing: @pkgr/core@0.2.9 from lock file
npm error Missing: glob@7.2.3 from lock file
npm error Missing: minimatch@3.1.2 from lock file
npm error Missing: is-number@7.0.0 from lock file
npm error Missing: @unrs/resolver-binding-android-arm-eabi@1.11.1 from lock file
npm error Missing: @unrs/resolver-binding-android-arm64@1.11.1 from lock file
npm error Missing: @unrs/resolver-binding-darwin-arm64@1.11.1 from lock file
npm error Missing: @unrs/resolver-binding-darwin-x64@1.11.1 from lock file
npm error Missing: @unrs/resolver-binding-freebsd-x64@1.11.1 from lock file
npm error Missing: @unrs/resolver-binding-linux-arm-gnueabihf@1.11.1 from lock file
npm error Missing: @unrs/resolver-binding-linux-arm-musleabihf@1.11.1 from lock file
npm error Missing: @unrs/resolver-binding-linux-arm64-gnu@1.11.1 from lock file
npm error Missing: @unrs/resolver-binding-linux-arm64-musl@1.11.1 from lock file
npm error Missing: @unrs/resolver-binding-linux-ppc64-gnu@1.11.1 from lock file
npm error Missing: @unrs/resolver-binding-linux-riscv64-gnu@1.11.1 from lock file
npm error Missing: @unrs/resolver-binding-linux-riscv64-musl@1.11.1 from lock file
npm error Missing: @unrs/resolver-binding-linux-s390x-gnu@1.11.1 from lock file
npm error Missing: @unrs/resolver-binding-linux-x64-gnu@1.11.1 from lock file
npm error Missing: @unrs/resolver-binding-linux-x64-musl@1.11.1 from lock file
npm error Missing: @unrs/resolver-binding-wasm32-wasi@1.11.1 from lock file
npm error Missing: @unrs/resolver-binding-win32-arm64-msvc@1.11.1 from lock file
npm error Missing: @unrs/resolver-binding-win32-ia32-msvc@1.11.1 from lock file
npm error Missing: @unrs/resolver-binding-win32-x64-msvc@1.11.1 from lock file
npm error Missing: napi-postinstall@0.3.4 from lock file
npm error Missing: @napi-rs/wasm-runtime@0.2.12 from lock file
npm error Missing: @emnapi/core@1.8.1 from lock file
npm error Missing: @emnapi/runtime@1.8.1 from lock file
npm error Missing: @tybys/wasm-util@0.10.1 from lock file
npm error Missing: @emnapi/wasi-threads@1.1.0 from lock file
npm error Missing: makeerror@1.0.12 from lock file
npm error Missing: tmpl@1.0.5 from lock file
npm error Missing: isexe@2.0.0 from lock file
npm error Missing: imurmurhash@0.1.4 from lock file
npm error Missing: ms@2.1.3 from lock file
npm error Missing: yallist@3.1.1 from lock file
npm error Missing: ms@2.1.3 from lock file
npm error Missing: eastasianwidth@0.2.0 from lock file
npm error Missing: emoji-regex@9.2.2 from lock file
npm error Missing: ansi-regex@6.2.2 from lock file
npm error Missing: ansi-styles@6.2.3 from lock file
npm error Missing: ms@2.1.3 from lock file
npm error Missing: p-try@2.2.0 from lock file
npm error Missing: fs.realpath@1.0.0 from lock file
npm error Missing: inflight@1.0.6 from lock file
npm error Missing: path-is-absolute@1.0.1 from lock file
npm error Missing: brace-expansion@1.1.12 from lock file
npm error Missing: concat-map@0.0.1 from lock file
npm error
npm error Clean install a project
npm error
npm error Usage:
npm error npm ci
npm error
npm error Options:
npm error [--install-strategy <hoisted|nested|shallow|linked>] [--legacy-bundling]
npm error [--global-style] [--omit <dev|optional|peer> [--omit <dev|optional|peer> ...]]
npm error [--include <prod|dev|optional|peer> [--include <prod|dev|optional|peer> ...]]
npm error [--strict-peer-deps] [--foreground-scripts] [--ignore-scripts] [--no-audit]
npm error [--no-bin-links] [--no-fund] [--dry-run]
npm error [-w|--workspace <workspace-name> [-w|--workspace <workspace-name> ...]]
npm error [-ws|--workspaces] [--include-workspace-root] [--install-links]
npm error
npm error aliases: clean-install, ic, install-clean, isntall-clean
npm error
npm error Run "npm help ci" for more info
npm error A complete log of this run can be found in: /www-data-home/.npm/_logs/2026-01-17T21_27_21_994Z-debug-0.log; Error ID: 7fa33aaa
[debug] [2026-01-17T21:27:59.089Z] <<< [apiv2][status] PATCH https://cloudfunctions.googleapis.com/v1/projects/javid-cb995/locations/us-central1/functions/generateCloudinaryDeleteSignature 200
[debug] [2026-01-17T21:27:59.090Z] <<< [apiv2][body] PATCH https://cloudfunctions.googleapis.com/v1/projects/javid-cb995/locations/us-central1/functions/generateCloudinaryDeleteSignature {"name":"operations/amF2aWQtY2I5OTUvdXMtY2VudHJhbDEvZ2VuZXJhdGVDbG91ZGluYXJ5RGVsZXRlU2lnbmF0dXJlLzVraU4zTVRTS0hR","metadata":{"@type":"type.googleapis.com/google.cloud.functions.v1.OperationMetadataV1","target":"projects/javid-cb995/locations/us-central1/functions/generateCloudinaryDeleteSignature","type":"UPDATE_FUNCTION","request":{"@type":"type.googleapis.com/google.cloud.functions.v1.CloudFunction","name":"projects/javid-cb995/locations/us-central1/functions/generateCloudinaryDeleteSignature","httpsTrigger":{"url":"https://us-central1-javid-cb995.cloudfunctions.net/generateCloudinaryDeleteSignature","securityLevel":"SECURE_ALWAYS"},"status":"OFFLINE","entryPoint":"generateCloudinaryDeleteSignature","updateTime":"2026-01-17T21:26:27.976Z","versionId":"1","labels":{"deployment-tool":"cli-firebase","deployment-callable":"true","firebase-functions-hash":"623cdfe8af3df3dee68b255c04b6ba19cb854d39"},"sourceUploadUrl":"https://storage.googleapis.com/uploads-989081397812.us-central1.cloudfunctions.appspot.com/fd45327d-1370-4a5f-8932-f9ccc7c29846.zip?GoogleAccessId=service-545318849414@gcf-admin-robot.iam.gserviceaccount.com&Expires=1768687019&Signature=TlxXFd%2Bkl%2B6Jsk3pHuB%2Bh6KR6C22OHRp4s9U%2BD66YUWntOvqNcPPErXRyJCdrB8O4HjKkmIyUQiznBJVJRNXH5QBFM0t3%2BHlM4I9XXUiarhEt%2FcEr3eNJhSUVK4M9VW12JCIzGhU7FuduqlBxLhRoRry0IdrLQZelSLM88x0vgoklO7oO6UvjS%2FxIuURPjpcS%2FtG26RID0tzXOpw8MrKXn5B1AnUvAdAy0TtiWxTv9sMCTE1vB74fxgMjtqRqXI7i%2BI7pfA5rgBcBFIdcIUL%2F0FSauFuksQRJCgiaju6dfDmTlRTJUGMdvnSBGi%2BhR5neh8DB7cs%2BtzqKnhu%2F7qtjQ%3D%3D","environmentVariables":{"FIREBASE_CONFIG":"{\"projectId\":\"javid-cb995\",\"storageBucket\":\"javid-cb995.firebasestorage.app\"}","GCLOUD_PROJECT":"javid-cb995","EVENTARC_CLOUD_EVENT_SOURCE":"projects/javid-cb995/locations/us-central1/functions/generateCloudinaryDeleteSignature"},"runtime":"nodejs20","buildId":"dec76b6e-8eef-4455-996f-58f1284ccb4e","buildEnvironmentVariables":{"GOOGLE_NODE_RUN_SCRIPTS":""},"buildName":"projects/545318849414/locations/us-central1/builds/dec76b6e-8eef-4455-996f-58f1284ccb4e","dockerRegistry":"ARTIFACT_REGISTRY","automaticUpdatePolicy":{},"buildServiceAccount":"projects/javid-cb995/serviceAccounts/545318849414-compute@developer.gserviceaccount.com"},"versionId":"2","updateTime":"2026-01-17T21:27:59Z"}}
[debug] [2026-01-17T21:27:59.090Z] Checked if tokens are valid: true, expires at: 1768686904345
[debug] [2026-01-17T21:27:59.090Z] Checked if tokens are valid: true, expires at: 1768686904345
[debug] [2026-01-17T21:27:59.091Z] >>> [apiv2][query] GET https://cloudfunctions.googleapis.com/v1/operations/amF2aWQtY2I5OTUvdXMtY2VudHJhbDEvZ2VuZXJhdGVDbG91ZGluYXJ5RGVsZXRlU2lnbmF0dXJlLzVraU4zTVRTS0hR [none]
[debug] [2026-01-17T21:27:59.116Z] <<< [apiv2][status] PATCH https://cloudfunctions.googleapis.com/v1/projects/javid-cb995/locations/us-central1/functions/sendMessageNotification 200
[debug] [2026-01-17T21:27:59.117Z] <<< [apiv2][body] PATCH https://cloudfunctions.googleapis.com/v1/projects/javid-cb995/locations/us-central1/functions/sendMessageNotification {"name":"operations/amF2aWQtY2I5OTUvdXMtY2VudHJhbDEvc2VuZE1lc3NhZ2VOb3RpZmljYXRpb24venNSUmZxVmpQZkk","metadata":{"@type":"type.googleapis.com/google.cloud.functions.v1.OperationMetadataV1","target":"projects/javid-cb995/locations/us-central1/functions/sendMessageNotification","type":"UPDATE_FUNCTION","request":{"@type":"type.googleapis.com/google.cloud.functions.v1.CloudFunction","name":"projects/javid-cb995/locations/us-central1/functions/sendMessageNotification","eventTrigger":{"eventType":"providers/cloud.firestore/eventTypes/document.update","resource":"projects/javid-cb995/databases/(default)/documents/conversations/{conversationId}","service":"firestore.googleapis.com"},"status":"OFFLINE","entryPoint":"sendMessageNotification","updateTime":"2026-01-17T21:26:16.857Z","versionId":"1","labels":{"deployment-tool":"cli-firebase","firebase-functions-hash":"623cdfe8af3df3dee68b255c04b6ba19cb854d39"},"sourceUploadUrl":"https://storage.googleapis.com/uploads-989081397812.us-central1.cloudfunctions.appspot.com/fd45327d-1370-4a5f-8932-f9ccc7c29846.zip?GoogleAccessId=service-545318849414@gcf-admin-robot.iam.gserviceaccount.com&Expires=1768687019&Signature=TlxXFd%2Bkl%2B6Jsk3pHuB%2Bh6KR6C22OHRp4s9U%2BD66YUWntOvqNcPPErXRyJCdrB8O4HjKkmIyUQiznBJVJRNXH5QBFM0t3%2BHlM4I9XXUiarhEt%2FcEr3eNJhSUVK4M9VW12JCIzGhU7FuduqlBxLhRoRry0IdrLQZelSLM88x0vgoklO7oO6UvjS%2FxIuURPjpcS%2FtG26RID0tzXOpw8MrKXn5B1AnUvAdAy0TtiWxTv9sMCTE1vB74fxgMjtqRqXI7i%2BI7pfA5rgBcBFIdcIUL%2F0FSauFuksQRJCgiaju6dfDmTlRTJUGMdvnSBGi%2BhR5neh8DB7cs%2BtzqKnhu%2F7qtjQ%3D%3D","environmentVariables":{"FIREBASE_CONFIG":"{\"projectId\":\"javid-cb995\",\"storageBucket\":\"javid-cb995.firebasestorage.app\"}","GCLOUD_PROJECT":"javid-cb995","EVENTARC_CLOUD_EVENT_SOURCE":"projects/javid-cb995/locations/us-central1/functions/sendMessageNotification"},"runtime":"nodejs20","buildId":"7c19b36d-18a3-445a-b923-0f7f542896b7","buildEnvironmentVariables":{"GOOGLE_NODE_RUN_SCRIPTS":""},"buildName":"projects/545318849414/locations/us-central1/builds/7c19b36d-18a3-445a-b923-0f7f542896b7","dockerRegistry":"ARTIFACT_REGISTRY","automaticUpdatePolicy":{},"buildServiceAccount":"projects/javid-cb995/serviceAccounts/545318849414-compute@developer.gserviceaccount.com"},"versionId":"2","updateTime":"2026-01-17T21:27:59Z"}}
[debug] [2026-01-17T21:27:59.119Z] Checked if tokens are valid: true, expires at: 1768686904345
[debug] [2026-01-17T21:27:59.119Z] Checked if tokens are valid: true, expires at: 1768686904345
[debug] [2026-01-17T21:27:59.119Z] >>> [apiv2][query] GET https://cloudfunctions.googleapis.com/v1/operations/amF2aWQtY2I5OTUvdXMtY2VudHJhbDEvc2VuZE1lc3NhZ2VOb3RpZmljYXRpb24venNSUmZxVmpQZkk [none]
[debug] [2026-01-17T21:27:59.301Z] <<< [apiv2][status] GET https://cloudfunctions.googleapis.com/v1/operations/amF2aWQtY2I5OTUvdXMtY2VudHJhbDEvc2VuZE1lc3NhZ2VOb3RpZmljYXRpb24venNSUmZxVmpQZkk 200
[debug] [2026-01-17T21:27:59.302Z] <<< [apiv2][body] GET https://cloudfunctions.googleapis.com/v1/operations/amF2aWQtY2I5OTUvdXMtY2VudHJhbDEvc2VuZE1lc3NhZ2VOb3RpZmljYXRpb24venNSUmZxVmpQZkk {"name":"operations/amF2aWQtY2I5OTUvdXMtY2VudHJhbDEvc2VuZE1lc3NhZ2VOb3RpZmljYXRpb24venNSUmZxVmpQZkk","metadata":{"@type":"type.googleapis.com/google.cloud.functions.v1.OperationMetadataV1","target":"projects/javid-cb995/locations/us-central1/functions/sendMessageNotification","type":"UPDATE_FUNCTION","request":{"@type":"type.googleapis.com/google.cloud.functions.v1.CloudFunction","name":"projects/javid-cb995/locations/us-central1/functions/sendMessageNotification","eventTrigger":{"eventType":"providers/cloud.firestore/eventTypes/document.update","resource":"projects/javid-cb995/databases/(default)/documents/conversations/{conversationId}","service":"firestore.googleapis.com"},"status":"OFFLINE","entryPoint":"sendMessageNotification","updateTime":"2026-01-17T21:26:16.857Z","versionId":"1","labels":{"deployment-tool":"cli-firebase","firebase-functions-hash":"623cdfe8af3df3dee68b255c04b6ba19cb854d39"},"sourceUploadUrl":"https://storage.googleapis.com/uploads-989081397812.us-central1.cloudfunctions.appspot.com/fd45327d-1370-4a5f-8932-f9ccc7c29846.zip?GoogleAccessId=service-545318849414@gcf-admin-robot.iam.gserviceaccount.com&Expires=1768687019&Signature=TlxXFd%2Bkl%2B6Jsk3pHuB%2Bh6KR6C22OHRp4s9U%2BD66YUWntOvqNcPPErXRyJCdrB8O4HjKkmIyUQiznBJVJRNXH5QBFM0t3%2BHlM4I9XXUiarhEt%2FcEr3eNJhSUVK4M9VW12JCIzGhU7FuduqlBxLhRoRry0IdrLQZelSLM88x0vgoklO7oO6UvjS%2FxIuURPjpcS%2FtG26RID0tzXOpw8MrKXn5B1AnUvAdAy0TtiWxTv9sMCTE1vB74fxgMjtqRqXI7i%2BI7pfA5rgBcBFIdcIUL%2F0FSauFuksQRJCgiaju6dfDmTlRTJUGMdvnSBGi%2BhR5neh8DB7cs%2BtzqKnhu%2F7qtjQ%3D%3D","environmentVariables":{"FIREBASE_CONFIG":"{\"projectId\":\"javid-cb995\",\"storageBucket\":\"javid-cb995.firebasestorage.app\"}","GCLOUD_PROJECT":"javid-cb995","EVENTARC_CLOUD_EVENT_SOURCE":"projects/javid-cb995/locations/us-central1/functions/sendMessageNotification"},"runtime":"nodejs20","buildId":"7c19b36d-18a3-445a-b923-0f7f542896b7","buildEnvironmentVariables":{"GOOGLE_NODE_RUN_SCRIPTS":""},"buildName":"projects/545318849414/locations/us-central1/builds/7c19b36d-18a3-445a-b923-0f7f542896b7","dockerRegistry":"ARTIFACT_REGISTRY","automaticUpdatePolicy":{},"buildServiceAccount":"projects/javid-cb995/serviceAccounts/545318849414-compute@developer.gserviceaccount.com"},"versionId":"2","updateTime":"2026-01-17T21:27:59Z"}}
[debug] [2026-01-17T21:27:59.450Z] <<< [apiv2][status] GET https://cloudfunctions.googleapis.com/v1/operations/amF2aWQtY2I5OTUvdXMtY2VudHJhbDEvZ2VuZXJhdGVDbG91ZGluYXJ5RGVsZXRlU2lnbmF0dXJlLzVraU4zTVRTS0hR 200
[debug] [2026-01-17T21:27:59.451Z] <<< [apiv2][body] GET https://cloudfunctions.googleapis.com/v1/operations/amF2aWQtY2I5OTUvdXMtY2VudHJhbDEvZ2VuZXJhdGVDbG91ZGluYXJ5RGVsZXRlU2lnbmF0dXJlLzVraU4zTVRTS0hR {"name":"operations/amF2aWQtY2I5OTUvdXMtY2VudHJhbDEvZ2VuZXJhdGVDbG91ZGluYXJ5RGVsZXRlU2lnbmF0dXJlLzVraU4zTVRTS0hR","metadata":{"@type":"type.googleapis.com/google.cloud.functions.v1.OperationMetadataV1","target":"projects/javid-cb995/locations/us-central1/functions/generateCloudinaryDeleteSignature","type":"UPDATE_FUNCTION","request":{"@type":"type.googleapis.com/google.cloud.functions.v1.CloudFunction","name":"projects/javid-cb995/locations/us-central1/functions/generateCloudinaryDeleteSignature","httpsTrigger":{"url":"https://us-central1-javid-cb995.cloudfunctions.net/generateCloudinaryDeleteSignature","securityLevel":"SECURE_ALWAYS"},"status":"OFFLINE","entryPoint":"generateCloudinaryDeleteSignature","updateTime":"2026-01-17T21:26:27.976Z","versionId":"1","labels":{"deployment-tool":"cli-firebase","deployment-callable":"true","firebase-functions-hash":"623cdfe8af3df3dee68b255c04b6ba19cb854d39"},"sourceUploadUrl":"https://storage.googleapis.com/uploads-989081397812.us-central1.cloudfunctions.appspot.com/fd45327d-1370-4a5f-8932-f9ccc7c29846.zip?GoogleAccessId=service-545318849414@gcf-admin-robot.iam.gserviceaccount.com&Expires=1768687019&Signature=TlxXFd%2Bkl%2B6Jsk3pHuB%2Bh6KR6C22OHRp4s9U%2BD66YUWntOvqNcPPErXRyJCdrB8O4HjKkmIyUQiznBJVJRNXH5QBFM0t3%2BHlM4I9XXUiarhEt%2FcEr3eNJhSUVK4M9VW12JCIzGhU7FuduqlBxLhRoRry0IdrLQZelSLM88x0vgoklO7oO6UvjS%2FxIuURPjpcS%2FtG26RID0tzXOpw8MrKXn5B1AnUvAdAy0TtiWxTv9sMCTE1vB74fxgMjtqRqXI7i%2BI7pfA5rgBcBFIdcIUL%2F0FSauFuksQRJCgiaju6dfDmTlRTJUGMdvnSBGi%2BhR5neh8DB7cs%2BtzqKnhu%2F7qtjQ%3D%3D","environmentVariables":{"FIREBASE_CONFIG":"{\"projectId\":\"javid-cb995\",\"storageBucket\":\"javid-cb995.firebasestorage.app\"}","GCLOUD_PROJECT":"javid-cb995","EVENTARC_CLOUD_EVENT_SOURCE":"projects/javid-cb995/locations/us-central1/functions/generateCloudinaryDeleteSignature"},"runtime":"nodejs20","buildId":"dec76b6e-8eef-4455-996f-58f1284ccb4e","buildEnvironmentVariables":{"GOOGLE_NODE_RUN_SCRIPTS":""},"buildName":"projects/545318849414/locations/us-central1/builds/dec76b6e-8eef-4455-996f-58f1284ccb4e","dockerRegistry":"ARTIFACT_REGISTRY","automaticUpdatePolicy":{},"buildServiceAccount":"projects/javid-cb995/serviceAccounts/545318849414-compute@developer.gserviceaccount.com"},"versionId":"2","updateTime":"2026-01-17T21:27:59Z"}}
[debug] [2026-01-17T21:27:59.804Z] [update-default-us-central1-sendMessageNotification] Retrying task index 0
[debug] [2026-01-17T21:27:59.805Z] Checked if tokens are valid: true, expires at: 1768686904345
[debug] [2026-01-17T21:27:59.805Z] Checked if tokens are valid: true, expires at: 1768686904345
[debug] [2026-01-17T21:27:59.806Z] >>> [apiv2][query] GET https://cloudfunctions.googleapis.com/v1/operations/amF2aWQtY2I5OTUvdXMtY2VudHJhbDEvc2VuZE1lc3NhZ2VOb3RpZmljYXRpb24venNSUmZxVmpQZkk [none]
[debug] [2026-01-17T21:27:59.938Z] <<< [apiv2][status] GET https://cloudfunctions.googleapis.com/v1/operations/amF2aWQtY2I5OTUvdXMtY2VudHJhbDEvc2VuZE1lc3NhZ2VOb3RpZmljYXRpb24venNSUmZxVmpQZkk 200
[debug] [2026-01-17T21:27:59.938Z] <<< [apiv2][body] GET https://cloudfunctions.googleapis.com/v1/operations/amF2aWQtY2I5OTUvdXMtY2VudHJhbDEvc2VuZE1lc3NhZ2VOb3RpZmljYXRpb24venNSUmZxVmpQZkk {"name":"operations/amF2aWQtY2I5OTUvdXMtY2VudHJhbDEvc2VuZE1lc3NhZ2VOb3RpZmljYXRpb24venNSUmZxVmpQZkk","metadata":{"@type":"type.googleapis.com/google.cloud.functions.v1.OperationMetadataV1","target":"projects/javid-cb995/locations/us-central1/functions/sendMessageNotification","type":"UPDATE_FUNCTION","request":{"@type":"type.googleapis.com/google.cloud.functions.v1.CloudFunction","name":"projects/javid-cb995/locations/us-central1/functions/sendMessageNotification","eventTrigger":{"eventType":"providers/cloud.firestore/eventTypes/document.update","resource":"projects/javid-cb995/databases/(default)/documents/conversations/{conversationId}","service":"firestore.googleapis.com"},"status":"OFFLINE","entryPoint":"sendMessageNotification","updateTime":"2026-01-17T21:26:16.857Z","versionId":"1","labels":{"deployment-tool":"cli-firebase","firebase-functions-hash":"623cdfe8af3df3dee68b255c04b6ba19cb854d39"},"sourceUploadUrl":"https://storage.googleapis.com/uploads-989081397812.us-central1.cloudfunctions.appspot.com/fd45327d-1370-4a5f-8932-f9ccc7c29846.zip?GoogleAccessId=service-545318849414@gcf-admin-robot.iam.gserviceaccount.com&Expires=1768687019&Signature=TlxXFd%2Bkl%2B6Jsk3pHuB%2Bh6KR6C22OHRp4s9U%2BD66YUWntOvqNcPPErXRyJCdrB8O4HjKkmIyUQiznBJVJRNXH5QBFM0t3%2BHlM4I9XXUiarhEt%2FcEr3eNJhSUVK4M9VW12JCIzGhU7FuduqlBxLhRoRry0IdrLQZelSLM88x0vgoklO7oO6UvjS%2FxIuURPjpcS%2FtG26RID0tzXOpw8MrKXn5B1AnUvAdAy0TtiWxTv9sMCTE1vB74fxgMjtqRqXI7i%2BI7pfA5rgBcBFIdcIUL%2F0FSauFuksQRJCgiaju6dfDmTlRTJUGMdvnSBGi%2BhR5neh8DB7cs%2BtzqKnhu%2F7qtjQ%3D%3D","environmentVariables":{"FIREBASE_CONFIG":"{\"projectId\":\"javid-cb995\",\"storageBucket\":\"javid-cb995.firebasestorage.app\"}","GCLOUD_PROJECT":"javid-cb995","EVENTARC_CLOUD_EVENT_SOURCE":"projects/javid-cb995/locations/us-central1/functions/sendMessageNotification"},"runtime":"nodejs20","buildId":"7c19b36d-18a3-445a-b923-0f7f542896b7","buildEnvironmentVariables":{"GOOGLE_NODE_RUN_SCRIPTS":""},"buildName":"projects/545318849414/locations/us-central1/builds/7c19b36d-18a3-445a-b923-0f7f542896b7","dockerRegistry":"ARTIFACT_REGISTRY","automaticUpdatePolicy":{},"buildServiceAccount":"projects/javid-cb995/serviceAccounts/545318849414-compute@developer.gserviceaccount.com"},"versionId":"2","updateTime":"2026-01-17T21:27:59Z","buildId":"0ad582e0-5a3e-4f49-8317-e8b36b4adec4","buildName":"projects/545318849414/locations/us-central1/builds/0ad582e0-5a3e-4f49-8317-e8b36b4adec4"}}
[debug] [2026-01-17T21:27:59.952Z] [update-default-us-central1-generateCloudinaryDeleteSignature] Retrying task index 0
[debug] [2026-01-17T21:27:59.953Z] Checked if tokens are valid: true, expires at: 1768686904345
[debug] [2026-01-17T21:27:59.953Z] Checked if tokens are valid: true, expires at: 1768686904345
[debug] [2026-01-17T21:27:59.954Z] >>> [apiv2][query] GET https://cloudfunctions.googleapis.com/v1/operations/amF2aWQtY2I5OTUvdXMtY2VudHJhbDEvZ2VuZXJhdGVDbG91ZGluYXJ5RGVsZXRlU2lnbmF0dXJlLzVraU4zTVRTS0hR [none]
[debug] [2026-01-17T21:28:00.324Z] <<< [apiv2][status] GET https://cloudfunctions.googleapis.com/v1/operations/amF2aWQtY2I5OTUvdXMtY2VudHJhbDEvZ2VuZXJhdGVDbG91ZGluYXJ5RGVsZXRlU2lnbmF0dXJlLzVraU4zTVRTS0hR 200
[debug] [2026-01-17T21:28:00.325Z] <<< [apiv2][body] GET https://cloudfunctions.googleapis.com/v1/operations/amF2aWQtY2I5OTUvdXMtY2VudHJhbDEvZ2VuZXJhdGVDbG91ZGluYXJ5RGVsZXRlU2lnbmF0dXJlLzVraU4zTVRTS0hR {"name":"operations/amF2aWQtY2I5OTUvdXMtY2VudHJhbDEvZ2VuZXJhdGVDbG91ZGluYXJ5RGVsZXRlU2lnbmF0dXJlLzVraU4zTVRTS0hR","metadata":{"@type":"type.googleapis.com/google.cloud.functions.v1.OperationMetadataV1","target":"projects/javid-cb995/locations/us-central1/functions/generateCloudinaryDeleteSignature","type":"UPDATE_FUNCTION","request":{"@type":"type.googleapis.com/google.cloud.functions.v1.CloudFunction","name":"projects/javid-cb995/locations/us-central1/functions/generateCloudinaryDeleteSignature","httpsTrigger":{"url":"https://us-central1-javid-cb995.cloudfunctions.net/generateCloudinaryDeleteSignature","securityLevel":"SECURE_ALWAYS"},"status":"OFFLINE","entryPoint":"generateCloudinaryDeleteSignature","updateTime":"2026-01-17T21:26:27.976Z","versionId":"1","labels":{"deployment-tool":"cli-firebase","deployment-callable":"true","firebase-functions-hash":"623cdfe8af3df3dee68b255c04b6ba19cb854d39"},"sourceUploadUrl":"https://storage.googleapis.com/uploads-989081397812.us-central1.cloudfunctions.appspot.com/fd45327d-1370-4a5f-8932-f9ccc7c29846.zip?GoogleAccessId=service-545318849414@gcf-admin-robot.iam.gserviceaccount.com&Expires=1768687019&Signature=TlxXFd%2Bkl%2B6Jsk3pHuB%2Bh6KR6C22OHRp4s9U%2BD66YUWntOvqNcPPErXRyJCdrB8O4HjKkmIyUQiznBJVJRNXH5QBFM0t3%2BHlM4I9XXUiarhEt%2FcEr3eNJhSUVK4M9VW12JCIzGhU7FuduqlBxLhRoRry0IdrLQZelSLM88x0vgoklO7oO6UvjS%2FxIuURPjpcS%2FtG26RID0tzXOpw8MrKXn5B1AnUvAdAy0TtiWxTv9sMCTE1vB74fxgMjtqRqXI7i%2BI7pfA5rgBcBFIdcIUL%2F0FSauFuksQRJCgiaju6dfDmTlRTJUGMdvnSBGi%2BhR5neh8DB7cs%2BtzqKnhu%2F7qtjQ%3D%3D","environmentVariables":{"FIREBASE_CONFIG":"{\"projectId\":\"javid-cb995\",\"storageBucket\":\"javid-cb995.firebasestorage.app\"}","GCLOUD_PROJECT":"javid-cb995","EVENTARC_CLOUD_EVENT_SOURCE":"projects/javid-cb995/locations/us-central1/functions/generateCloudinaryDeleteSignature"},"runtime":"nodejs20","buildId":"dec76b6e-8eef-4455-996f-58f1284ccb4e","buildEnvironmentVariables":{"GOOGLE_NODE_RUN_SCRIPTS":""},"buildName":"projects/545318849414/locations/us-central1/builds/dec76b6e-8eef-4455-996f-58f1284ccb4e","dockerRegistry":"ARTIFACT_REGISTRY","automaticUpdatePolicy":{},"buildServiceAccount":"projects/javid-cb995/serviceAccounts/545318849414-compute@developer.gserviceaccount.com"},"versionId":"2","updateTime":"2026-01-17T21:27:59Z","buildId":"6fab419d-31dc-4ea5-b6fc-acd00b6bd0f1","buildName":"projects/545318849414/locations/us-central1/builds/6fab419d-31dc-4ea5-b6fc-acd00b6bd0f1"}}
[debug] [2026-01-17T21:28:00.939Z] [update-default-us-central1-sendMessageNotification] Retrying task index 0
[debug] [2026-01-17T21:28:00.940Z] Checked if tokens are valid: true, expires at: 1768686904345
[debug] [2026-01-17T21:28:00.940Z] Checked if tokens are valid: true, expires at: 1768686904345
[debug] [2026-01-17T21:28:00.941Z] >>> [apiv2][query] GET https://cloudfunctions.googleapis.com/v1/operations/amF2aWQtY2I5OTUvdXMtY2VudHJhbDEvc2VuZE1lc3NhZ2VOb3RpZmljYXRpb24venNSUmZxVmpQZkk [none]
[debug] [2026-01-17T21:28:01.119Z] <<< [apiv2][status] GET https://cloudfunctions.googleapis.com/v1/operations/amF2aWQtY2I5OTUvdXMtY2VudHJhbDEvc2VuZE1lc3NhZ2VOb3RpZmljYXRpb24venNSUmZxVmpQZkk 200
[debug] [2026-01-17T21:28:01.119Z] <<< [apiv2][body] GET https://cloudfunctions.googleapis.com/v1/operations/amF2aWQtY2I5OTUvdXMtY2VudHJhbDEvc2VuZE1lc3NhZ2VOb3RpZmljYXRpb24venNSUmZxVmpQZkk {"name":"operations/amF2aWQtY2I5OTUvdXMtY2VudHJhbDEvc2VuZE1lc3NhZ2VOb3RpZmljYXRpb24venNSUmZxVmpQZkk","metadata":{"@type":"type.googleapis.com/google.cloud.functions.v1.OperationMetadataV1","target":"projects/javid-cb995/locations/us-central1/functions/sendMessageNotification","type":"UPDATE_FUNCTION","request":{"@type":"type.googleapis.com/google.cloud.functions.v1.CloudFunction","name":"projects/javid-cb995/locations/us-central1/functions/sendMessageNotification","eventTrigger":{"eventType":"providers/cloud.firestore/eventTypes/document.update","resource":"projects/javid-cb995/databases/(default)/documents/conversations/{conversationId}","service":"firestore.googleapis.com"},"status":"OFFLINE","entryPoint":"sendMessageNotification","updateTime":"2026-01-17T21:26:16.857Z","versionId":"1","labels":{"deployment-tool":"cli-firebase","firebase-functions-hash":"623cdfe8af3df3dee68b255c04b6ba19cb854d39"},"sourceUploadUrl":"https://storage.googleapis.com/uploads-989081397812.us-central1.cloudfunctions.appspot.com/fd45327d-1370-4a5f-8932-f9ccc7c29846.zip?GoogleAccessId=service-545318849414@gcf-admin-robot.iam.gserviceaccount.com&Expires=1768687019&Signature=TlxXFd%2Bkl%2B6Jsk3pHuB%2Bh6KR6C22OHRp4s9U%2BD66YUWntOvqNcPPErXRyJCdrB8O4HjKkmIyUQiznBJVJRNXH5QBFM0t3%2BHlM4I9XXUiarhEt%2FcEr3eNJhSUVK4M9VW12JCIzGhU7FuduqlBxLhRoRry0IdrLQZelSLM88x0vgoklO7oO6UvjS%2FxIuURPjpcS%2FtG26RID0tzXOpw8MrKXn5B1AnUvAdAy0TtiWxTv9sMCTE1vB74fxgMjtqRqXI7i%2BI7pfA5rgBcBFIdcIUL%2F0FSauFuksQRJCgiaju6dfDmTlRTJUGMdvnSBGi%2BhR5neh8DB7cs%2BtzqKnhu%2F7qtjQ%3D%3D","environmentVariables":{"FIREBASE_CONFIG":"{\"projectId\":\"javid-cb995\",\"storageBucket\":\"javid-cb995.firebasestorage.app\"}","GCLOUD_PROJECT":"javid-cb995","EVENTARC_CLOUD_EVENT_SOURCE":"projects/javid-cb995/locations/us-central1/functions/sendMessageNotification"},"runtime":"nodejs20","buildId":"7c19b36d-18a3-445a-b923-0f7f542896b7","buildEnvironmentVariables":{"GOOGLE_NODE_RUN_SCRIPTS":""},"buildName":"projects/545318849414/locations/us-central1/builds/7c19b36d-18a3-445a-b923-0f7f542896b7","dockerRegistry":"ARTIFACT_REGISTRY","automaticUpdatePolicy":{},"buildServiceAccount":"projects/javid-cb995/serviceAccounts/545318849414-compute@developer.gserviceaccount.com"},"versionId":"2","updateTime":"2026-01-17T21:27:59Z","buildId":"0ad582e0-5a3e-4f49-8317-e8b36b4adec4","buildName":"projects/545318849414/locations/us-central1/builds/0ad582e0-5a3e-4f49-8317-e8b36b4adec4"}}
[debug] [2026-01-17T21:28:01.327Z] [update-default-us-central1-generateCloudinaryDeleteSignature] Retrying task index 0
[debug] [2026-01-17T21:28:01.328Z] Checked if tokens are valid: true, expires at: 1768686904345
[debug] [2026-01-17T21:28:01.329Z] Checked if tokens are valid: true, expires at: 1768686904345
[debug] [2026-01-17T21:28:01.329Z] >>> [apiv2][query] GET https://cloudfunctions.googleapis.com/v1/operations/amF2aWQtY2I5OTUvdXMtY2VudHJhbDEvZ2VuZXJhdGVDbG91ZGluYXJ5RGVsZXRlU2lnbmF0dXJlLzVraU4zTVRTS0hR [none]
[debug] [2026-01-17T21:28:01.483Z] <<< [apiv2][status] GET https://cloudfunctions.googleapis.com/v1/operations/amF2aWQtY2I5OTUvdXMtY2VudHJhbDEvZ2VuZXJhdGVDbG91ZGluYXJ5RGVsZXRlU2lnbmF0dXJlLzVraU4zTVRTS0hR 200
[debug] [2026-01-17T21:28:01.484Z] <<< [apiv2][body] GET https://cloudfunctions.googleapis.com/v1/operations/amF2aWQtY2I5OTUvdXMtY2VudHJhbDEvZ2VuZXJhdGVDbG91ZGluYXJ5RGVsZXRlU2lnbmF0dXJlLzVraU4zTVRTS0hR {"name":"operations/amF2aWQtY2I5OTUvdXMtY2VudHJhbDEvZ2VuZXJhdGVDbG91ZGluYXJ5RGVsZXRlU2lnbmF0dXJlLzVraU4zTVRTS0hR","metadata":{"@type":"type.googleapis.com/google.cloud.functions.v1.OperationMetadataV1","target":"projects/javid-cb995/locations/us-central1/functions/generateCloudinaryDeleteSignature","type":"UPDATE_FUNCTION","request":{"@type":"type.googleapis.com/google.cloud.functions.v1.CloudFunction","name":"projects/javid-cb995/locations/us-central1/functions/generateCloudinaryDeleteSignature","httpsTrigger":{"url":"https://us-central1-javid-cb995.cloudfunctions.net/generateCloudinaryDeleteSignature","securityLevel":"SECURE_ALWAYS"},"status":"OFFLINE","entryPoint":"generateCloudinaryDeleteSignature","updateTime":"2026-01-17T21:26:27.976Z","versionId":"1","labels":{"deployment-tool":"cli-firebase","deployment-callable":"true","firebase-functions-hash":"623cdfe8af3df3dee68b255c04b6ba19cb854d39"},"sourceUploadUrl":"https://storage.googleapis.com/uploads-989081397812.us-central1.cloudfunctions.appspot.com/fd45327d-1370-4a5f-8932-f9ccc7c29846.zip?GoogleAccessId=service-545318849414@gcf-admin-robot.iam.gserviceaccount.com&Expires=1768687019&Signature=TlxXFd%2Bkl%2B6Jsk3pHuB%2Bh6KR6C22OHRp4s9U%2BD66YUWntOvqNcPPErXRyJCdrB8O4HjKkmIyUQiznBJVJRNXH5QBFM0t3%2BHlM4I9XXUiarhEt%2FcEr3eNJhSUVK4M9VW12JCIzGhU7FuduqlBxLhRoRry0IdrLQZelSLM88x0vgoklO7oO6UvjS%2FxIuURPjpcS%2FtG26RID0tzXOpw8MrKXn5B1AnUvAdAy0TtiWxTv9sMCTE1vB74fxgMjtqRqXI7i%2BI7pfA5rgBcBFIdcIUL%2F0FSauFuksQRJCgiaju6dfDmTlRTJUGMdvnSBGi%2BhR5neh8DB7cs%2BtzqKnhu%2F7qtjQ%3D%3D","environmentVariables":{"FIREBASE_CONFIG":"{\"projectId\":\"javid-cb995\",\"storageBucket\":\"javid-cb995.firebasestorage.app\"}","GCLOUD_PROJECT":"javid-cb995","EVENTARC_CLOUD_EVENT_SOURCE":"projects/javid-cb995/locations/us-central1/functions/generateCloudinaryDeleteSignature"},"runtime":"nodejs20","buildId":"dec76b6e-8eef-4455-996f-58f1284ccb4e","buildEnvironmentVariables":{"GOOGLE_NODE_RUN_SCRIPTS":""},"buildName":"projects/545318849414/locations/us-central1/builds/dec76b6e-8eef-4455-996f-58f1284ccb4e","dockerRegistry":"ARTIFACT_REGISTRY","automaticUpdatePolicy":{},"buildServiceAccount":"projects/javid-cb995/serviceAccounts/545318849414-compute@developer.gserviceaccount.com"},"versionId":"2","updateTime":"2026-01-17T21:27:59Z","buildId":"6fab419d-31dc-4ea5-b6fc-acd00b6bd0f1","buildName":"projects/545318849414/locations/us-central1/builds/6fab419d-31dc-4ea5-b6fc-acd00b6bd0f1"}}
[debug] [2026-01-17T21:28:03.122Z] [update-default-us-central1-sendMessageNotification] Retrying task index 0
[debug] [2026-01-17T21:28:03.123Z] Checked if tokens are valid: true, expires at: 1768686904345
[debug] [2026-01-17T21:28:03.123Z] Checked if tokens are valid: true, expires at: 1768686904345
[debug] [2026-01-17T21:28:03.124Z] >>> [apiv2][query] GET https://cloudfunctions.googleapis.com/v1/operations/amF2aWQtY2I5OTUvdXMtY2VudHJhbDEvc2VuZE1lc3NhZ2VOb3RpZmljYXRpb24venNSUmZxVmpQZkk [none]
[debug] [2026-01-17T21:28:03.320Z] <<< [apiv2][status] GET https://cloudfunctions.googleapis.com/v1/operations/amF2aWQtY2I5OTUvdXMtY2VudHJhbDEvc2VuZE1lc3NhZ2VOb3RpZmljYXRpb24venNSUmZxVmpQZkk 200
[debug] [2026-01-17T21:28:03.320Z] <<< [apiv2][body] GET https://cloudfunctions.googleapis.com/v1/operations/amF2aWQtY2I5OTUvdXMtY2VudHJhbDEvc2VuZE1lc3NhZ2VOb3RpZmljYXRpb24venNSUmZxVmpQZkk {"name":"operations/amF2aWQtY2I5OTUvdXMtY2VudHJhbDEvc2VuZE1lc3NhZ2VOb3RpZmljYXRpb24venNSUmZxVmpQZkk","metadata":{"@type":"type.googleapis.com/google.cloud.functions.v1.OperationMetadataV1","target":"projects/javid-cb995/locations/us-central1/functions/sendMessageNotification","type":"UPDATE_FUNCTION","request":{"@type":"type.googleapis.com/google.cloud.functions.v1.CloudFunction","name":"projects/javid-cb995/locations/us-central1/functions/sendMessageNotification","eventTrigger":{"eventType":"providers/cloud.firestore/eventTypes/document.update","resource":"projects/javid-cb995/databases/(default)/documents/conversations/{conversationId}","service":"firestore.googleapis.com"},"status":"OFFLINE","entryPoint":"sendMessageNotification","updateTime":"2026-01-17T21:26:16.857Z","versionId":"1","labels":{"deployment-tool":"cli-firebase","firebase-functions-hash":"623cdfe8af3df3dee68b255c04b6ba19cb854d39"},"sourceUploadUrl":"https://storage.googleapis.com/uploads-989081397812.us-central1.cloudfunctions.appspot.com/fd45327d-1370-4a5f-8932-f9ccc7c29846.zip?GoogleAccessId=service-545318849414@gcf-admin-robot.iam.gserviceaccount.com&Expires=1768687019&Signature=TlxXFd%2Bkl%2B6Jsk3pHuB%2Bh6KR6C22OHRp4s9U%2BD66YUWntOvqNcPPErXRyJCdrB8O4HjKkmIyUQiznBJVJRNXH5QBFM0t3%2BHlM4I9XXUiarhEt%2FcEr3eNJhSUVK4M9VW12JCIzGhU7FuduqlBxLhRoRry0IdrLQZelSLM88x0vgoklO7oO6UvjS%2FxIuURPjpcS%2FtG26RID0tzXOpw8MrKXn5B1AnUvAdAy0TtiWxTv9sMCTE1vB74fxgMjtqRqXI7i%2BI7pfA5rgBcBFIdcIUL%2F0FSauFuksQRJCgiaju6dfDmTlRTJUGMdvnSBGi%2BhR5neh8DB7cs%2BtzqKnhu%2F7qtjQ%3D%3D","environmentVariables":{"FIREBASE_CONFIG":"{\"projectId\":\"javid-cb995\",\"storageBucket\":\"javid-cb995.firebasestorage.app\"}","GCLOUD_PROJECT":"javid-cb995","EVENTARC_CLOUD_EVENT_SOURCE":"projects/javid-cb995/locations/us-central1/functions/sendMessageNotification"},"runtime":"nodejs20","buildId":"7c19b36d-18a3-445a-b923-0f7f542896b7","buildEnvironmentVariables":{"GOOGLE_NODE_RUN_SCRIPTS":""},"buildName":"projects/545318849414/locations/us-central1/builds/7c19b36d-18a3-445a-b923-0f7f542896b7","dockerRegistry":"ARTIFACT_REGISTRY","automaticUpdatePolicy":{},"buildServiceAccount":"projects/javid-cb995/serviceAccounts/545318849414-compute@developer.gserviceaccount.com"},"versionId":"2","updateTime":"2026-01-17T21:27:59Z","buildId":"0ad582e0-5a3e-4f49-8317-e8b36b4adec4","buildName":"projects/545318849414/locations/us-central1/builds/0ad582e0-5a3e-4f49-8317-e8b36b4adec4"}}
[debug] [2026-01-17T21:28:03.485Z] [update-default-us-central1-generateCloudinaryDeleteSignature] Retrying task index 0
[debug] [2026-01-17T21:28:03.486Z] Checked if tokens are valid: true, expires at: 1768686904345
[debug] [2026-01-17T21:28:03.486Z] Checked if tokens are valid: true, expires at: 1768686904345
[debug] [2026-01-17T21:28:03.486Z] >>> [apiv2][query] GET https://cloudfunctions.googleapis.com/v1/operations/amF2aWQtY2I5OTUvdXMtY2VudHJhbDEvZ2VuZXJhdGVDbG91ZGluYXJ5RGVsZXRlU2lnbmF0dXJlLzVraU4zTVRTS0hR [none]
[debug] [2026-01-17T21:28:03.604Z] <<< [apiv2][status] GET https://cloudfunctions.googleapis.com/v1/operations/amF2aWQtY2I5OTUvdXMtY2VudHJhbDEvZ2VuZXJhdGVDbG91ZGluYXJ5RGVsZXRlU2lnbmF0dXJlLzVraU4zTVRTS0hR 200
[debug] [2026-01-17T21:28:03.605Z] <<< [apiv2][body] GET https://cloudfunctions.googleapis.com/v1/operations/amF2aWQtY2I5OTUvdXMtY2VudHJhbDEvZ2VuZXJhdGVDbG91ZGluYXJ5RGVsZXRlU2lnbmF0dXJlLzVraU4zTVRTS0hR {"name":"operations/amF2aWQtY2I5OTUvdXMtY2VudHJhbDEvZ2VuZXJhdGVDbG91ZGluYXJ5RGVsZXRlU2lnbmF0dXJlLzVraU4zTVRTS0hR","metadata":{"@type":"type.googleapis.com/google.cloud.functions.v1.OperationMetadataV1","target":"projects/javid-cb995/locations/us-central1/functions/generateCloudinaryDeleteSignature","type":"UPDATE_FUNCTION","request":{"@type":"type.googleapis.com/google.cloud.functions.v1.CloudFunction","name":"projects/javid-cb995/locations/us-central1/functions/generateCloudinaryDeleteSignature","httpsTrigger":{"url":"https://us-central1-javid-cb995.cloudfunctions.net/generateCloudinaryDeleteSignature","securityLevel":"SECURE_ALWAYS"},"status":"OFFLINE","entryPoint":"generateCloudinaryDeleteSignature","updateTime":"2026-01-17T21:26:27.976Z","versionId":"1","labels":{"deployment-tool":"cli-firebase","deployment-callable":"true","firebase-functions-hash":"623cdfe8af3df3dee68b255c04b6ba19cb854d39"},"sourceUploadUrl":"https://storage.googleapis.com/uploads-989081397812.us-central1.cloudfunctions.appspot.com/fd45327d-1370-4a5f-8932-f9ccc7c29846.zip?GoogleAccessId=service-545318849414@gcf-admin-robot.iam.gserviceaccount.com&Expires=1768687019&Signature=TlxXFd%2Bkl%2B6Jsk3pHuB%2Bh6KR6C22OHRp4s9U%2BD66YUWntOvqNcPPErXRyJCdrB8O4HjKkmIyUQiznBJVJRNXH5QBFM0t3%2BHlM4I9XXUiarhEt%2FcEr3eNJhSUVK4M9VW12JCIzGhU7FuduqlBxLhRoRry0IdrLQZelSLM88x0vgoklO7oO6UvjS%2FxIuURPjpcS%2FtG26RID0tzXOpw8MrKXn5B1AnUvAdAy0TtiWxTv9sMCTE1vB74fxgMjtqRqXI7i%2BI7pfA5rgBcBFIdcIUL%2F0FSauFuksQRJCgiaju6dfDmTlRTJUGMdvnSBGi%2BhR5neh8DB7cs%2BtzqKnhu%2F7qtjQ%3D%3D","environmentVariables":{"FIREBASE_CONFIG":"{\"projectId\":\"javid-cb995\",\"storageBucket\":\"javid-cb995.firebasestorage.app\"}","GCLOUD_PROJECT":"javid-cb995","EVENTARC_CLOUD_EVENT_SOURCE":"projects/javid-cb995/locations/us-central1/functions/generateCloudinaryDeleteSignature"},"runtime":"nodejs20","buildId":"dec76b6e-8eef-4455-996f-58f1284ccb4e","buildEnvironmentVariables":{"GOOGLE_NODE_RUN_SCRIPTS":""},"buildName":"projects/545318849414/locations/us-central1/builds/dec76b6e-8eef-4455-996f-58f1284ccb4e","dockerRegistry":"ARTIFACT_REGISTRY","automaticUpdatePolicy":{},"buildServiceAccount":"projects/javid-cb995/serviceAccounts/545318849414-compute@developer.gserviceaccount.com"},"versionId":"2","updateTime":"2026-01-17T21:27:59Z","buildId":"6fab419d-31dc-4ea5-b6fc-acd00b6bd0f1","buildName":"projects/545318849414/locations/us-central1/builds/6fab419d-31dc-4ea5-b6fc-acd00b6bd0f1"}}
[debug] [2026-01-17T21:28:07.323Z] [update-default-us-central1-sendMessageNotification] Retrying task index 0
[debug] [2026-01-17T21:28:07.325Z] Checked if tokens are valid: true, expires at: 1768686904345
[debug] [2026-01-17T21:28:07.325Z] Checked if tokens are valid: true, expires at: 1768686904345
[debug] [2026-01-17T21:28:07.325Z] >>> [apiv2][query] GET https://cloudfunctions.googleapis.com/v1/operations/amF2aWQtY2I5OTUvdXMtY2VudHJhbDEvc2VuZE1lc3NhZ2VOb3RpZmljYXRpb24venNSUmZxVmpQZkk [none]
[debug] [2026-01-17T21:28:07.530Z] <<< [apiv2][status] GET https://cloudfunctions.googleapis.com/v1/operations/amF2aWQtY2I5OTUvdXMtY2VudHJhbDEvc2VuZE1lc3NhZ2VOb3RpZmljYXRpb24venNSUmZxVmpQZkk 200
[debug] [2026-01-17T21:28:07.531Z] <<< [apiv2][body] GET https://cloudfunctions.googleapis.com/v1/operations/amF2aWQtY2I5OTUvdXMtY2VudHJhbDEvc2VuZE1lc3NhZ2VOb3RpZmljYXRpb24venNSUmZxVmpQZkk {"name":"operations/amF2aWQtY2I5OTUvdXMtY2VudHJhbDEvc2VuZE1lc3NhZ2VOb3RpZmljYXRpb24venNSUmZxVmpQZkk","metadata":{"@type":"type.googleapis.com/google.cloud.functions.v1.OperationMetadataV1","target":"projects/javid-cb995/locations/us-central1/functions/sendMessageNotification","type":"UPDATE_FUNCTION","request":{"@type":"type.googleapis.com/google.cloud.functions.v1.CloudFunction","name":"projects/javid-cb995/locations/us-central1/functions/sendMessageNotification","eventTrigger":{"eventType":"providers/cloud.firestore/eventTypes/document.update","resource":"projects/javid-cb995/databases/(default)/documents/conversations/{conversationId}","service":"firestore.googleapis.com"},"status":"OFFLINE","entryPoint":"sendMessageNotification","updateTime":"2026-01-17T21:26:16.857Z","versionId":"1","labels":{"deployment-tool":"cli-firebase","firebase-functions-hash":"623cdfe8af3df3dee68b255c04b6ba19cb854d39"},"sourceUploadUrl":"https://storage.googleapis.com/uploads-989081397812.us-central1.cloudfunctions.appspot.com/fd45327d-1370-4a5f-8932-f9ccc7c29846.zip?GoogleAccessId=service-545318849414@gcf-admin-robot.iam.gserviceaccount.com&Expires=1768687019&Signature=TlxXFd%2Bkl%2B6Jsk3pHuB%2Bh6KR6C22OHRp4s9U%2BD66YUWntOvqNcPPErXRyJCdrB8O4HjKkmIyUQiznBJVJRNXH5QBFM0t3%2BHlM4I9XXUiarhEt%2FcEr3eNJhSUVK4M9VW12JCIzGhU7FuduqlBxLhRoRry0IdrLQZelSLM88x0vgoklO7oO6UvjS%2FxIuURPjpcS%2FtG26RID0tzXOpw8MrKXn5B1AnUvAdAy0TtiWxTv9sMCTE1vB74fxgMjtqRqXI7i%2BI7pfA5rgBcBFIdcIUL%2F0FSauFuksQRJCgiaju6dfDmTlRTJUGMdvnSBGi%2BhR5neh8DB7cs%2BtzqKnhu%2F7qtjQ%3D%3D","environmentVariables":{"FIREBASE_CONFIG":"{\"projectId\":\"javid-cb995\",\"storageBucket\":\"javid-cb995.firebasestorage.app\"}","GCLOUD_PROJECT":"javid-cb995","EVENTARC_CLOUD_EVENT_SOURCE":"projects/javid-cb995/locations/us-central1/functions/sendMessageNotification"},"runtime":"nodejs20","buildId":"7c19b36d-18a3-445a-b923-0f7f542896b7","buildEnvironmentVariables":{"GOOGLE_NODE_RUN_SCRIPTS":""},"buildName":"projects/545318849414/locations/us-central1/builds/7c19b36d-18a3-445a-b923-0f7f542896b7","dockerRegistry":"ARTIFACT_REGISTRY","automaticUpdatePolicy":{},"buildServiceAccount":"projects/javid-cb995/serviceAccounts/545318849414-compute@developer.gserviceaccount.com"},"versionId":"2","updateTime":"2026-01-17T21:27:59Z","buildId":"0ad582e0-5a3e-4f49-8317-e8b36b4adec4","buildName":"projects/545318849414/locations/us-central1/builds/0ad582e0-5a3e-4f49-8317-e8b36b4adec4"}}
[debug] [2026-01-17T21:28:07.606Z] [update-default-us-central1-generateCloudinaryDeleteSignature] Retrying task index 0
[debug] [2026-01-17T21:28:07.607Z] Checked if tokens are valid: true, expires at: 1768686904345
[debug] [2026-01-17T21:28:07.607Z] Checked if tokens are valid: true, expires at: 1768686904345
[debug] [2026-01-17T21:28:07.608Z] >>> [apiv2][query] GET https://cloudfunctions.googleapis.com/v1/operations/amF2aWQtY2I5OTUvdXMtY2VudHJhbDEvZ2VuZXJhdGVDbG91ZGluYXJ5RGVsZXRlU2lnbmF0dXJlLzVraU4zTVRTS0hR [none]
[debug] [2026-01-17T21:28:07.826Z] <<< [apiv2][status] GET https://cloudfunctions.googleapis.com/v1/operations/amF2aWQtY2I5OTUvdXMtY2VudHJhbDEvZ2VuZXJhdGVDbG91ZGluYXJ5RGVsZXRlU2lnbmF0dXJlLzVraU4zTVRTS0hR 200
[debug] [2026-01-17T21:28:07.826Z] <<< [apiv2][body] GET https://cloudfunctions.googleapis.com/v1/operations/amF2aWQtY2I5OTUvdXMtY2VudHJhbDEvZ2VuZXJhdGVDbG91ZGluYXJ5RGVsZXRlU2lnbmF0dXJlLzVraU4zTVRTS0hR {"name":"operations/amF2aWQtY2I5OTUvdXMtY2VudHJhbDEvZ2VuZXJhdGVDbG91ZGluYXJ5RGVsZXRlU2lnbmF0dXJlLzVraU4zTVRTS0hR","metadata":{"@type":"type.googleapis.com/google.cloud.functions.v1.OperationMetadataV1","target":"projects/javid-cb995/locations/us-central1/functions/generateCloudinaryDeleteSignature","type":"UPDATE_FUNCTION","request":{"@type":"type.googleapis.com/google.cloud.functions.v1.CloudFunction","name":"projects/javid-cb995/locations/us-central1/functions/generateCloudinaryDeleteSignature","httpsTrigger":{"url":"https://us-central1-javid-cb995.cloudfunctions.net/generateCloudinaryDeleteSignature","securityLevel":"SECURE_ALWAYS"},"status":"OFFLINE","entryPoint":"generateCloudinaryDeleteSignature","updateTime":"2026-01-17T21:26:27.976Z","versionId":"1","labels":{"deployment-tool":"cli-firebase","deployment-callable":"true","firebase-functions-hash":"623cdfe8af3df3dee68b255c04b6ba19cb854d39"},"sourceUploadUrl":"https://storage.googleapis.com/uploads-989081397812.us-central1.cloudfunctions.appspot.com/fd45327d-1370-4a5f-8932-f9ccc7c29846.zip?GoogleAccessId=service-545318849414@gcf-admin-robot.iam.gserviceaccount.com&Expires=1768687019&Signature=TlxXFd%2Bkl%2B6Jsk3pHuB%2Bh6KR6C22OHRp4s9U%2BD66YUWntOvqNcPPErXRyJCdrB8O4HjKkmIyUQiznBJVJRNXH5QBFM0t3%2BHlM4I9XXUiarhEt%2FcEr3eNJhSUVK4M9VW12JCIzGhU7FuduqlBxLhRoRry0IdrLQZelSLM88x0vgoklO7oO6UvjS%2FxIuURPjpcS%2FtG26RID0tzXOpw8MrKXn5B1AnUvAdAy0TtiWxTv9sMCTE1vB74fxgMjtqRqXI7i%2BI7pfA5rgBcBFIdcIUL%2F0FSauFuksQRJCgiaju6dfDmTlRTJUGMdvnSBGi%2BhR5neh8DB7cs%2BtzqKnhu%2F7qtjQ%3D%3D","environmentVariables":{"FIREBASE_CONFIG":"{\"projectId\":\"javid-cb995\",\"storageBucket\":\"javid-cb995.firebasestorage.app\"}","GCLOUD_PROJECT":"javid-cb995","EVENTARC_CLOUD_EVENT_SOURCE":"projects/javid-cb995/locations/us-central1/functions/generateCloudinaryDeleteSignature"},"runtime":"nodejs20","buildId":"dec76b6e-8eef-4455-996f-58f1284ccb4e","buildEnvironmentVariables":{"GOOGLE_NODE_RUN_SCRIPTS":""},"buildName":"projects/545318849414/locations/us-central1/builds/dec76b6e-8eef-4455-996f-58f1284ccb4e","dockerRegistry":"ARTIFACT_REGISTRY","automaticUpdatePolicy":{},"buildServiceAccount":"projects/javid-cb995/serviceAccounts/545318849414-compute@developer.gserviceaccount.com"},"versionId":"2","updateTime":"2026-01-17T21:27:59Z","buildId":"6fab419d-31dc-4ea5-b6fc-acd00b6bd0f1","buildName":"projects/545318849414/locations/us-central1/builds/6fab419d-31dc-4ea5-b6fc-acd00b6bd0f1"}}
[debug] [2026-01-17T21:28:15.532Z] [update-default-us-central1-sendMessageNotification] Retrying task index 0
[debug] [2026-01-17T21:28:15.533Z] Checked if tokens are valid: true, expires at: 1768686904345
[debug] [2026-01-17T21:28:15.533Z] Checked if tokens are valid: true, expires at: 1768686904345
[debug] [2026-01-17T21:28:15.534Z] >>> [apiv2][query] GET https://cloudfunctions.googleapis.com/v1/operations/amF2aWQtY2I5OTUvdXMtY2VudHJhbDEvc2VuZE1lc3NhZ2VOb3RpZmljYXRpb24venNSUmZxVmpQZkk [none]
[debug] [2026-01-17T21:28:15.820Z] <<< [apiv2][status] GET https://cloudfunctions.googleapis.com/v1/operations/amF2aWQtY2I5OTUvdXMtY2VudHJhbDEvc2VuZE1lc3NhZ2VOb3RpZmljYXRpb24venNSUmZxVmpQZkk 200
[debug] [2026-01-17T21:28:15.821Z] <<< [apiv2][body] GET https://cloudfunctions.googleapis.com/v1/operations/amF2aWQtY2I5OTUvdXMtY2VudHJhbDEvc2VuZE1lc3NhZ2VOb3RpZmljYXRpb24venNSUmZxVmpQZkk {"name":"operations/amF2aWQtY2I5OTUvdXMtY2VudHJhbDEvc2VuZE1lc3NhZ2VOb3RpZmljYXRpb24venNSUmZxVmpQZkk","metadata":{"@type":"type.googleapis.com/google.cloud.functions.v1.OperationMetadataV1","target":"projects/javid-cb995/locations/us-central1/functions/sendMessageNotification","type":"UPDATE_FUNCTION","request":{"@type":"type.googleapis.com/google.cloud.functions.v1.CloudFunction","name":"projects/javid-cb995/locations/us-central1/functions/sendMessageNotification","eventTrigger":{"eventType":"providers/cloud.firestore/eventTypes/document.update","resource":"projects/javid-cb995/databases/(default)/documents/conversations/{conversationId}","service":"firestore.googleapis.com"},"status":"OFFLINE","entryPoint":"sendMessageNotification","updateTime":"2026-01-17T21:26:16.857Z","versionId":"1","labels":{"deployment-tool":"cli-firebase","firebase-functions-hash":"623cdfe8af3df3dee68b255c04b6ba19cb854d39"},"sourceUploadUrl":"https://storage.googleapis.com/uploads-989081397812.us-central1.cloudfunctions.appspot.com/fd45327d-1370-4a5f-8932-f9ccc7c29846.zip?GoogleAccessId=service-545318849414@gcf-admin-robot.iam.gserviceaccount.com&Expires=1768687019&Signature=TlxXFd%2Bkl%2B6Jsk3pHuB%2Bh6KR6C22OHRp4s9U%2BD66YUWntOvqNcPPErXRyJCdrB8O4HjKkmIyUQiznBJVJRNXH5QBFM0t3%2BHlM4I9XXUiarhEt%2FcEr3eNJhSUVK4M9VW12JCIzGhU7FuduqlBxLhRoRry0IdrLQZelSLM88x0vgoklO7oO6UvjS%2FxIuURPjpcS%2FtG26RID0tzXOpw8MrKXn5B1AnUvAdAy0TtiWxTv9sMCTE1vB74fxgMjtqRqXI7i%2BI7pfA5rgBcBFIdcIUL%2F0FSauFuksQRJCgiaju6dfDmTlRTJUGMdvnSBGi%2BhR5neh8DB7cs%2BtzqKnhu%2F7qtjQ%3D%3D","environmentVariables":{"FIREBASE_CONFIG":"{\"projectId\":\"javid-cb995\",\"storageBucket\":\"javid-cb995.firebasestorage.app\"}","GCLOUD_PROJECT":"javid-cb995","EVENTARC_CLOUD_EVENT_SOURCE":"projects/javid-cb995/locations/us-central1/functions/sendMessageNotification"},"runtime":"nodejs20","buildId":"7c19b36d-18a3-445a-b923-0f7f542896b7","buildEnvironmentVariables":{"GOOGLE_NODE_RUN_SCRIPTS":""},"buildName":"projects/545318849414/locations/us-central1/builds/7c19b36d-18a3-445a-b923-0f7f542896b7","dockerRegistry":"ARTIFACT_REGISTRY","automaticUpdatePolicy":{},"buildServiceAccount":"projects/javid-cb995/serviceAccounts/545318849414-compute@developer.gserviceaccount.com"},"versionId":"2","updateTime":"2026-01-17T21:27:59Z","buildId":"0ad582e0-5a3e-4f49-8317-e8b36b4adec4","buildName":"projects/545318849414/locations/us-central1/builds/0ad582e0-5a3e-4f49-8317-e8b36b4adec4"}}
[debug] [2026-01-17T21:28:15.827Z] [update-default-us-central1-generateCloudinaryDeleteSignature] Retrying task index 0
[debug] [2026-01-17T21:28:15.828Z] Checked if tokens are valid: true, expires at: 1768686904345
[debug] [2026-01-17T21:28:15.828Z] Checked if tokens are valid: true, expires at: 1768686904345
[debug] [2026-01-17T21:28:15.828Z] >>> [apiv2][query] GET https://cloudfunctions.googleapis.com/v1/operations/amF2aWQtY2I5OTUvdXMtY2VudHJhbDEvZ2VuZXJhdGVDbG91ZGluYXJ5RGVsZXRlU2lnbmF0dXJlLzVraU4zTVRTS0hR [none]
[debug] [2026-01-17T21:28:16.170Z] <<< [apiv2][status] GET https://cloudfunctions.googleapis.com/v1/operations/amF2aWQtY2I5OTUvdXMtY2VudHJhbDEvZ2VuZXJhdGVDbG91ZGluYXJ5RGVsZXRlU2lnbmF0dXJlLzVraU4zTVRTS0hR 200
[debug] [2026-01-17T21:28:16.170Z] <<< [apiv2][body] GET https://cloudfunctions.googleapis.com/v1/operations/amF2aWQtY2I5OTUvdXMtY2VudHJhbDEvZ2VuZXJhdGVDbG91ZGluYXJ5RGVsZXRlU2lnbmF0dXJlLzVraU4zTVRTS0hR {"name":"operations/amF2aWQtY2I5OTUvdXMtY2VudHJhbDEvZ2VuZXJhdGVDbG91ZGluYXJ5RGVsZXRlU2lnbmF0dXJlLzVraU4zTVRTS0hR","metadata":{"@type":"type.googleapis.com/google.cloud.functions.v1.OperationMetadataV1","target":"projects/javid-cb995/locations/us-central1/functions/generateCloudinaryDeleteSignature","type":"UPDATE_FUNCTION","request":{"@type":"type.googleapis.com/google.cloud.functions.v1.CloudFunction","name":"projects/javid-cb995/locations/us-central1/functions/generateCloudinaryDeleteSignature","httpsTrigger":{"url":"https://us-central1-javid-cb995.cloudfunctions.net/generateCloudinaryDeleteSignature","securityLevel":"SECURE_ALWAYS"},"status":"OFFLINE","entryPoint":"generateCloudinaryDeleteSignature","updateTime":"2026-01-17T21:26:27.976Z","versionId":"1","labels":{"deployment-tool":"cli-firebase","deployment-callable":"true","firebase-functions-hash":"623cdfe8af3df3dee68b255c04b6ba19cb854d39"},"sourceUploadUrl":"https://storage.googleapis.com/uploads-989081397812.us-central1.cloudfunctions.appspot.com/fd45327d-1370-4a5f-8932-f9ccc7c29846.zip?GoogleAccessId=service-545318849414@gcf-admin-robot.iam.gserviceaccount.com&Expires=1768687019&Signature=TlxXFd%2Bkl%2B6Jsk3pHuB%2Bh6KR6C22OHRp4s9U%2BD66YUWntOvqNcPPErXRyJCdrB8O4HjKkmIyUQiznBJVJRNXH5QBFM0t3%2BHlM4I9XXUiarhEt%2FcEr3eNJhSUVK4M9VW12JCIzGhU7FuduqlBxLhRoRry0IdrLQZelSLM88x0vgoklO7oO6UvjS%2FxIuURPjpcS%2FtG26RID0tzXOpw8MrKXn5B1AnUvAdAy0TtiWxTv9sMCTE1vB74fxgMjtqRqXI7i%2BI7pfA5rgBcBFIdcIUL%2F0FSauFuksQRJCgiaju6dfDmTlRTJUGMdvnSBGi%2BhR5neh8DB7cs%2BtzqKnhu%2F7qtjQ%3D%3D","environmentVariables":{"FIREBASE_CONFIG":"{\"projectId\":\"javid-cb995\",\"storageBucket\":\"javid-cb995.firebasestorage.app\"}","GCLOUD_PROJECT":"javid-cb995","EVENTARC_CLOUD_EVENT_SOURCE":"projects/javid-cb995/locations/us-central1/functions/generateCloudinaryDeleteSignature"},"runtime":"nodejs20","buildId":"dec76b6e-8eef-4455-996f-58f1284ccb4e","buildEnvironmentVariables":{"GOOGLE_NODE_RUN_SCRIPTS":""},"buildName":"projects/545318849414/locations/us-central1/builds/dec76b6e-8eef-4455-996f-58f1284ccb4e","dockerRegistry":"ARTIFACT_REGISTRY","automaticUpdatePolicy":{},"buildServiceAccount":"projects/javid-cb995/serviceAccounts/545318849414-compute@developer.gserviceaccount.com"},"versionId":"2","updateTime":"2026-01-17T21:27:59Z","buildId":"6fab419d-31dc-4ea5-b6fc-acd00b6bd0f1","buildName":"projects/545318849414/locations/us-central1/builds/6fab419d-31dc-4ea5-b6fc-acd00b6bd0f1"}}
